{
  "cascadeEnabled" : false,
  "description" : null,
  "draft" : false,
  "name" : "hrdb",
  "packageName" : "com.hrdb",
  "tables" : [ {
    "catalog" : "PUBLIC",
    "columns" : [ {
      "columnValue" : {
        "insertable" : true,
        "updatable" : true,
        "defaultValue" : null,
        "type" : "user-defined"
      },
      "constraintList" : null,
      "fieldName" : "deptid",
      "foreignKey" : false,
      "generatorType" : "identity",
      "generatorValue" : null,
      "hidden" : false,
      "javaType" : "integer",
      "length" : 255,
      "name" : "DEPTID",
      "nullable" : false,
      "oldName" : "DEPTID",
      "partOfAnyRelation" : false,
      "partOfForeignKey" : false,
      "partOfPrimaryKey" : true,
      "partOfUniqueKey" : true,
      "period" : false,
      "precision" : 10,
      "primaryKey" : true,
      "scale" : 0,
      "sequenceSchema" : null,
      "sqlType" : "number",
      "unique" : true
    }, {
      "columnValue" : {
        "insertable" : true,
        "updatable" : true,
        "defaultValue" : null,
        "type" : "user-defined"
      },
      "constraintList" : null,
      "fieldName" : "name",
      "foreignKey" : false,
      "generatorType" : "assigned",
      "generatorValue" : null,
      "hidden" : false,
      "javaType" : "string",
      "length" : 255,
      "name" : "NAME",
      "nullable" : true,
      "oldName" : "NAME",
      "partOfAnyRelation" : false,
      "partOfForeignKey" : false,
      "partOfPrimaryKey" : false,
      "partOfUniqueKey" : false,
      "period" : false,
      "precision" : 19,
      "primaryKey" : false,
      "scale" : 2,
      "sequenceSchema" : null,
      "sqlType" : "string",
      "unique" : false
    }, {
      "columnValue" : {
        "insertable" : true,
        "updatable" : true,
        "defaultValue" : null,
        "type" : "user-defined"
      },
      "constraintList" : null,
      "fieldName" : "budget",
      "foreignKey" : false,
      "generatorType" : "assigned",
      "generatorValue" : null,
      "hidden" : false,
      "javaType" : "integer",
      "length" : 255,
      "name" : "BUDGET",
      "nullable" : true,
      "oldName" : "BUDGET",
      "partOfAnyRelation" : false,
      "partOfForeignKey" : false,
      "partOfPrimaryKey" : false,
      "partOfUniqueKey" : false,
      "period" : false,
      "precision" : 10,
      "primaryKey" : false,
      "scale" : 0,
      "sequenceSchema" : null,
      "sqlType" : "number",
      "unique" : false
    }, {
      "columnValue" : {
        "insertable" : true,
        "updatable" : true,
        "defaultValue" : null,
        "type" : "user-defined"
      },
      "constraintList" : null,
      "fieldName" : "q1",
      "foreignKey" : false,
      "generatorType" : "assigned",
      "generatorValue" : null,
      "hidden" : false,
      "javaType" : "integer",
      "length" : 255,
      "name" : "Q1",
      "nullable" : true,
      "oldName" : "Q1",
      "partOfAnyRelation" : false,
      "partOfForeignKey" : false,
      "partOfPrimaryKey" : false,
      "partOfUniqueKey" : false,
      "period" : false,
      "precision" : 10,
      "primaryKey" : false,
      "scale" : 0,
      "sequenceSchema" : null,
      "sqlType" : "number",
      "unique" : false
    }, {
      "columnValue" : {
        "insertable" : true,
        "updatable" : true,
        "defaultValue" : null,
        "type" : "user-defined"
      },
      "constraintList" : null,
      "fieldName" : "q2",
      "foreignKey" : false,
      "generatorType" : "assigned",
      "generatorValue" : null,
      "hidden" : false,
      "javaType" : "integer",
      "length" : 255,
      "name" : "Q2",
      "nullable" : true,
      "oldName" : "Q2",
      "partOfAnyRelation" : false,
      "partOfForeignKey" : false,
      "partOfPrimaryKey" : false,
      "partOfUniqueKey" : false,
      "period" : false,
      "precision" : 10,
      "primaryKey" : false,
      "scale" : 0,
      "sequenceSchema" : null,
      "sqlType" : "number",
      "unique" : false
    }, {
      "columnValue" : {
        "insertable" : true,
        "updatable" : true,
        "defaultValue" : null,
        "type" : "user-defined"
      },
      "constraintList" : null,
      "fieldName" : "q3",
      "foreignKey" : false,
      "generatorType" : "assigned",
      "generatorValue" : null,
      "hidden" : false,
      "javaType" : "integer",
      "length" : 255,
      "name" : "Q3",
      "nullable" : true,
      "oldName" : "Q3",
      "partOfAnyRelation" : false,
      "partOfForeignKey" : false,
      "partOfPrimaryKey" : false,
      "partOfUniqueKey" : false,
      "period" : false,
      "precision" : 10,
      "primaryKey" : false,
      "scale" : 0,
      "sequenceSchema" : null,
      "sqlType" : "number",
      "unique" : false
    }, {
      "columnValue" : {
        "insertable" : true,
        "updatable" : true,
        "defaultValue" : null,
        "type" : "user-defined"
      },
      "constraintList" : null,
      "fieldName" : "q4",
      "foreignKey" : false,
      "generatorType" : "assigned",
      "generatorValue" : null,
      "hidden" : false,
      "javaType" : "integer",
      "length" : 255,
      "name" : "Q4",
      "nullable" : true,
      "oldName" : "Q4",
      "partOfAnyRelation" : false,
      "partOfForeignKey" : false,
      "partOfPrimaryKey" : false,
      "partOfUniqueKey" : false,
      "period" : false,
      "precision" : 10,
      "primaryKey" : false,
      "scale" : 0,
      "sequenceSchema" : null,
      "sqlType" : "number",
      "unique" : false
    }, {
      "columnValue" : {
        "insertable" : true,
        "updatable" : true,
        "defaultValue" : null,
        "type" : "user-defined"
      },
      "constraintList" : null,
      "fieldName" : "deptcode",
      "foreignKey" : false,
      "generatorType" : "assigned",
      "generatorValue" : null,
      "hidden" : false,
      "javaType" : "string",
      "length" : 20,
      "name" : "DEPTCODE",
      "nullable" : true,
      "oldName" : "DEPTCODE",
      "partOfAnyRelation" : false,
      "partOfForeignKey" : false,
      "partOfPrimaryKey" : false,
      "partOfUniqueKey" : false,
      "period" : false,
      "precision" : 19,
      "primaryKey" : false,
      "scale" : 2,
      "sequenceSchema" : null,
      "sqlType" : "string",
      "unique" : false
    }, {
      "columnValue" : {
        "insertable" : true,
        "updatable" : true,
        "defaultValue" : null,
        "type" : "user-defined"
      },
      "constraintList" : null,
      "fieldName" : "location",
      "foreignKey" : false,
      "generatorType" : "assigned",
      "generatorValue" : null,
      "hidden" : false,
      "javaType" : "string",
      "length" : 255,
      "name" : "LOCATION",
      "nullable" : true,
      "oldName" : "LOCATION",
      "partOfAnyRelation" : false,
      "partOfForeignKey" : false,
      "partOfPrimaryKey" : false,
      "partOfUniqueKey" : false,
      "period" : false,
      "precision" : 19,
      "primaryKey" : false,
      "scale" : 2,
      "sequenceSchema" : null,
      "sqlType" : "string",
      "unique" : false
    }, {
      "columnValue" : {
        "insertable" : true,
        "updatable" : true,
        "defaultValue" : null,
        "type" : "user-defined"
      },
      "constraintList" : null,
      "fieldName" : "tenantid",
      "foreignKey" : false,
      "generatorType" : "assigned",
      "generatorValue" : null,
      "hidden" : false,
      "javaType" : "integer",
      "length" : 255,
      "name" : "TENANTID",
      "nullable" : true,
      "oldName" : "TENANTID",
      "partOfAnyRelation" : false,
      "partOfForeignKey" : false,
      "partOfPrimaryKey" : false,
      "partOfUniqueKey" : false,
      "period" : false,
      "precision" : 10,
      "primaryKey" : false,
      "scale" : 0,
      "sequenceSchema" : null,
      "sqlType" : "number",
      "unique" : false
    } ],
    "constraints" : [ ],
    "entityName" : "Department",
    "filter" : null,
    "fullyQualifiedName" : "com.hrdb.Department",
    "ignoreRefreshAfterInsert" : false,
    "name" : "DEPARTMENT",
    "oldName" : "DEPARTMENT",
    "primaryKey" : {
      "columns" : [ "DEPTID" ],
      "composite" : false,
      "generator" : {
        "generatorType" : "identity",
        "generatorValue" : null,
        "schemaName" : null
      },
      "name" : "SYS_PK_10092",
      "virtual" : false
    },
    "relations" : [ ],
    "schema" : "PUBLIC",
    "temporals" : [ ],
    "type" : "TABLE"
  }, {
    "catalog" : "PUBLIC",
    "columns" : [ {
      "columnValue" : {
        "insertable" : true,
        "updatable" : true,
        "defaultValue" : null,
        "type" : "user-defined"
      },
      "constraintList" : null,
      "fieldName" : "userid",
      "foreignKey" : false,
      "generatorType" : "identity",
      "generatorValue" : null,
      "hidden" : false,
      "javaType" : "integer",
      "length" : 255,
      "name" : "USERID",
      "nullable" : false,
      "oldName" : "USERID",
      "partOfAnyRelation" : false,
      "partOfForeignKey" : false,
      "partOfPrimaryKey" : true,
      "partOfUniqueKey" : true,
      "period" : false,
      "precision" : 10,
      "primaryKey" : true,
      "scale" : 0,
      "sequenceSchema" : null,
      "sqlType" : "number",
      "unique" : true
    }, {
      "columnValue" : {
        "insertable" : true,
        "updatable" : true,
        "defaultValue" : null,
        "type" : "user-defined"
      },
      "constraintList" : null,
      "fieldName" : "username",
      "foreignKey" : false,
      "generatorType" : "assigned",
      "generatorValue" : null,
      "hidden" : false,
      "javaType" : "string",
      "length" : 20,
      "name" : "USERNAME",
      "nullable" : true,
      "oldName" : "USERNAME",
      "partOfAnyRelation" : false,
      "partOfForeignKey" : false,
      "partOfPrimaryKey" : false,
      "partOfUniqueKey" : false,
      "period" : false,
      "precision" : 19,
      "primaryKey" : false,
      "scale" : 2,
      "sequenceSchema" : null,
      "sqlType" : "string",
      "unique" : false
    }, {
      "columnValue" : {
        "insertable" : true,
        "updatable" : true,
        "defaultValue" : null,
        "type" : "user-defined"
      },
      "constraintList" : null,
      "fieldName" : "password",
      "foreignKey" : false,
      "generatorType" : "assigned",
      "generatorValue" : null,
      "hidden" : false,
      "javaType" : "string",
      "length" : 20,
      "name" : "PASSWORD",
      "nullable" : true,
      "oldName" : "PASSWORD",
      "partOfAnyRelation" : false,
      "partOfForeignKey" : false,
      "partOfPrimaryKey" : false,
      "partOfUniqueKey" : false,
      "period" : false,
      "precision" : 19,
      "primaryKey" : false,
      "scale" : 2,
      "sequenceSchema" : null,
      "sqlType" : "string",
      "unique" : false
    }, {
      "columnValue" : {
        "insertable" : true,
        "updatable" : true,
        "defaultValue" : null,
        "type" : "user-defined"
      },
      "constraintList" : null,
      "fieldName" : "role",
      "foreignKey" : false,
      "generatorType" : "assigned",
      "generatorValue" : null,
      "hidden" : false,
      "javaType" : "string",
      "length" : 20,
      "name" : "ROLE",
      "nullable" : true,
      "oldName" : "ROLE",
      "partOfAnyRelation" : false,
      "partOfForeignKey" : false,
      "partOfPrimaryKey" : false,
      "partOfUniqueKey" : false,
      "period" : false,
      "precision" : 19,
      "primaryKey" : false,
      "scale" : 2,
      "sequenceSchema" : null,
      "sqlType" : "string",
      "unique" : false
    }, {
      "columnValue" : {
        "insertable" : true,
        "updatable" : true,
        "defaultValue" : null,
        "type" : "user-defined"
      },
      "constraintList" : null,
      "fieldName" : "tenantid",
      "foreignKey" : false,
      "generatorType" : "assigned",
      "generatorValue" : null,
      "hidden" : false,
      "javaType" : "integer",
      "length" : 255,
      "name" : "TENANTID",
      "nullable" : true,
      "oldName" : "TENANTID",
      "partOfAnyRelation" : false,
      "partOfForeignKey" : false,
      "partOfPrimaryKey" : false,
      "partOfUniqueKey" : false,
      "period" : false,
      "precision" : 10,
      "primaryKey" : false,
      "scale" : 0,
      "sequenceSchema" : null,
      "sqlType" : "number",
      "unique" : false
    } ],
    "constraints" : [ ],
    "entityName" : "User",
    "filter" : null,
    "fullyQualifiedName" : "com.hrdb.User",
    "ignoreRefreshAfterInsert" : false,
    "name" : "USER",
    "oldName" : "USER",
    "primaryKey" : {
      "columns" : [ "USERID" ],
      "composite" : false,
      "generator" : {
        "generatorType" : "identity",
        "generatorValue" : null,
        "schemaName" : null
      },
      "name" : "SYS_PK_10112",
      "virtual" : false
    },
    "relations" : [ ],
    "schema" : "PUBLIC",
    "temporals" : [ ],
    "type" : "TABLE"
  }, {
    "catalog" : "PUBLIC",
    "columns" : [ {
      "columnValue" : {
        "insertable" : true,
        "updatable" : true,
        "defaultValue" : null,
        "type" : "user-defined"
      },
      "constraintList" : null,
      "fieldName" : "id",
      "foreignKey" : false,
      "generatorType" : "identity",
      "generatorValue" : null,
      "hidden" : false,
      "javaType" : "integer",
      "length" : 255,
      "name" : "ID",
      "nullable" : false,
      "oldName" : "ID",
      "partOfAnyRelation" : false,
      "partOfForeignKey" : false,
      "partOfPrimaryKey" : true,
      "partOfUniqueKey" : true,
      "period" : false,
      "precision" : 10,
      "primaryKey" : true,
      "scale" : 0,
      "sequenceSchema" : null,
      "sqlType" : "number",
      "unique" : true
    }, {
      "columnValue" : {
        "insertable" : true,
        "updatable" : true,
        "defaultValue" : null,
        "type" : "user-defined"
      },
      "constraintList" : null,
      "fieldName" : "startdate",
      "foreignKey" : false,
      "generatorType" : "assigned",
      "generatorValue" : null,
      "hidden" : false,
      "javaType" : "date",
      "length" : 10,
      "name" : "STARTDATE",
      "nullable" : true,
      "oldName" : "STARTDATE",
      "partOfAnyRelation" : false,
      "partOfForeignKey" : false,
      "partOfPrimaryKey" : false,
      "partOfUniqueKey" : false,
      "period" : false,
      "precision" : 19,
      "primaryKey" : false,
      "scale" : 2,
      "sequenceSchema" : null,
      "sqlType" : "date",
      "unique" : false
    }, {
      "columnValue" : {
        "insertable" : true,
        "updatable" : true,
        "defaultValue" : null,
        "type" : "user-defined"
      },
      "constraintList" : null,
      "fieldName" : "enddate",
      "foreignKey" : false,
      "generatorType" : "assigned",
      "generatorValue" : null,
      "hidden" : false,
      "javaType" : "date",
      "length" : 10,
      "name" : "ENDDATE",
      "nullable" : true,
      "oldName" : "ENDDATE",
      "partOfAnyRelation" : false,
      "partOfForeignKey" : false,
      "partOfPrimaryKey" : false,
      "partOfUniqueKey" : false,
      "period" : false,
      "precision" : 19,
      "primaryKey" : false,
      "scale" : 2,
      "sequenceSchema" : null,
      "sqlType" : "date",
      "unique" : false
    }, {
      "columnValue" : {
        "insertable" : true,
        "updatable" : true,
        "defaultValue" : null,
        "type" : "user-defined"
      },
      "constraintList" : null,
      "fieldName" : "empid",
      "foreignKey" : true,
      "generatorType" : "assigned",
      "generatorValue" : null,
      "hidden" : false,
      "javaType" : "integer",
      "length" : 255,
      "name" : "EMPID",
      "nullable" : false,
      "oldName" : "EMPID",
      "partOfAnyRelation" : true,
      "partOfForeignKey" : true,
      "partOfPrimaryKey" : false,
      "partOfUniqueKey" : false,
      "period" : false,
      "precision" : 10,
      "primaryKey" : false,
      "scale" : 0,
      "sequenceSchema" : null,
      "sqlType" : "number",
      "unique" : false
    }, {
      "columnValue" : {
        "insertable" : true,
        "updatable" : true,
        "defaultValue" : null,
        "type" : "user-defined"
      },
      "constraintList" : null,
      "fieldName" : "tenantid",
      "foreignKey" : false,
      "generatorType" : "assigned",
      "generatorValue" : null,
      "hidden" : false,
      "javaType" : "integer",
      "length" : 255,
      "name" : "TENANTID",
      "nullable" : true,
      "oldName" : "TENANTID",
      "partOfAnyRelation" : false,
      "partOfForeignKey" : false,
      "partOfPrimaryKey" : false,
      "partOfUniqueKey" : false,
      "period" : false,
      "precision" : 10,
      "primaryKey" : false,
      "scale" : 0,
      "sequenceSchema" : null,
      "sqlType" : "number",
      "unique" : false
    } ],
    "constraints" : [ ],
    "entityName" : "Vacation",
    "filter" : null,
    "fullyQualifiedName" : "com.hrdb.Vacation",
    "ignoreRefreshAfterInsert" : false,
    "name" : "VACATION",
    "oldName" : "VACATION",
    "primaryKey" : {
      "columns" : [ "ID" ],
      "composite" : false,
      "generator" : {
        "generatorType" : "identity",
        "generatorValue" : null,
        "schemaName" : null
      },
      "name" : "SYS_PK_10104",
      "virtual" : false
    },
    "relations" : [ {
      "cardinality" : "ManyToOne",
      "cascadeEnabled" : true,
      "cascadeOptions" : {
        "cascadeRemove" : "REMOVE",
        "cascadeReplace" : false
      },
      "columnsUniqueKey" : false,
      "composite" : false,
      "fetchOptions" : {
        "fetch" : true,
        "columnsFilter" : [ ]
      },
      "fieldName" : "employee",
      "ignored" : false,
      "mappings" : [ {
        "sourceColumn" : "EMPID",
        "targetColumn" : "EID"
      } ],
      "name" : "EMPFKEY",
      "parentFetchOptions" : {
        "fetch" : false,
        "columnsFilter" : [ ]
      },
      "primary" : true,
      "selfRelation" : false,
      "sourceColumnsNotUniqueKey" : true,
      "sourceTable" : "VACATION",
      "targetColumnsUniqueKey" : false,
      "targetTable" : "EMPLOYEE",
      "valid" : true,
      "virtual" : false
    } ],
    "schema" : "PUBLIC",
    "temporals" : [ ],
    "type" : "TABLE"
  }, {
    "catalog" : "PUBLIC",
    "columns" : [ {
      "columnValue" : {
        "insertable" : true,
        "updatable" : true,
        "defaultValue" : null,
        "type" : "user-defined"
      },
      "constraintList" : null,
      "fieldName" : "eid",
      "foreignKey" : false,
      "generatorType" : "identity",
      "generatorValue" : null,
      "hidden" : false,
      "javaType" : "integer",
      "length" : 255,
      "name" : "EID",
      "nullable" : false,
      "oldName" : "EID",
      "partOfAnyRelation" : false,
      "partOfForeignKey" : false,
      "partOfPrimaryKey" : true,
      "partOfUniqueKey" : true,
      "period" : false,
      "precision" : 10,
      "primaryKey" : true,
      "scale" : 0,
      "sequenceSchema" : null,
      "sqlType" : "number",
      "unique" : true
    }, {
      "columnValue" : {
        "insertable" : true,
        "updatable" : true,
        "defaultValue" : null,
        "type" : "user-defined"
      },
      "constraintList" : null,
      "fieldName" : "firstname",
      "foreignKey" : false,
      "generatorType" : "assigned",
      "generatorValue" : null,
      "hidden" : false,
      "javaType" : "string",
      "length" : 255,
      "name" : "FIRSTNAME",
      "nullable" : true,
      "oldName" : "FIRSTNAME",
      "partOfAnyRelation" : false,
      "partOfForeignKey" : false,
      "partOfPrimaryKey" : false,
      "partOfUniqueKey" : false,
      "period" : false,
      "precision" : 19,
      "primaryKey" : false,
      "scale" : 2,
      "sequenceSchema" : null,
      "sqlType" : "string",
      "unique" : false
    }, {
      "columnValue" : {
        "insertable" : true,
        "updatable" : true,
        "defaultValue" : null,
        "type" : "user-defined"
      },
      "constraintList" : null,
      "fieldName" : "lastname",
      "foreignKey" : false,
      "generatorType" : "assigned",
      "generatorValue" : null,
      "hidden" : false,
      "javaType" : "string",
      "length" : 255,
      "name" : "LASTNAME",
      "nullable" : true,
      "oldName" : "LASTNAME",
      "partOfAnyRelation" : false,
      "partOfForeignKey" : false,
      "partOfPrimaryKey" : false,
      "partOfUniqueKey" : false,
      "period" : false,
      "precision" : 19,
      "primaryKey" : false,
      "scale" : 2,
      "sequenceSchema" : null,
      "sqlType" : "string",
      "unique" : false
    }, {
      "columnValue" : {
        "insertable" : true,
        "updatable" : true,
        "defaultValue" : null,
        "type" : "user-defined"
      },
      "constraintList" : null,
      "fieldName" : "street",
      "foreignKey" : false,
      "generatorType" : "assigned",
      "generatorValue" : null,
      "hidden" : false,
      "javaType" : "string",
      "length" : 255,
      "name" : "STREET",
      "nullable" : true,
      "oldName" : "STREET",
      "partOfAnyRelation" : false,
      "partOfForeignKey" : false,
      "partOfPrimaryKey" : false,
      "partOfUniqueKey" : false,
      "period" : false,
      "precision" : 19,
      "primaryKey" : false,
      "scale" : 2,
      "sequenceSchema" : null,
      "sqlType" : "string",
      "unique" : false
    }, {
      "columnValue" : {
        "insertable" : true,
        "updatable" : true,
        "defaultValue" : null,
        "type" : "user-defined"
      },
      "constraintList" : null,
      "fieldName" : "city",
      "foreignKey" : false,
      "generatorType" : "assigned",
      "generatorValue" : null,
      "hidden" : false,
      "javaType" : "string",
      "length" : 255,
      "name" : "CITY",
      "nullable" : true,
      "oldName" : "CITY",
      "partOfAnyRelation" : false,
      "partOfForeignKey" : false,
      "partOfPrimaryKey" : false,
      "partOfUniqueKey" : false,
      "period" : false,
      "precision" : 19,
      "primaryKey" : false,
      "scale" : 2,
      "sequenceSchema" : null,
      "sqlType" : "string",
      "unique" : false
    }, {
      "columnValue" : {
        "insertable" : true,
        "updatable" : true,
        "defaultValue" : null,
        "type" : "user-defined"
      },
      "constraintList" : null,
      "fieldName" : "state",
      "foreignKey" : false,
      "generatorType" : "assigned",
      "generatorValue" : null,
      "hidden" : false,
      "javaType" : "string",
      "length" : 2,
      "name" : "STATE",
      "nullable" : true,
      "oldName" : "STATE",
      "partOfAnyRelation" : false,
      "partOfForeignKey" : false,
      "partOfPrimaryKey" : false,
      "partOfUniqueKey" : false,
      "period" : false,
      "precision" : 19,
      "primaryKey" : false,
      "scale" : 2,
      "sequenceSchema" : null,
      "sqlType" : "string",
      "unique" : false
    }, {
      "columnValue" : {
        "insertable" : true,
        "updatable" : true,
        "defaultValue" : null,
        "type" : "user-defined"
      },
      "constraintList" : null,
      "fieldName" : "zip",
      "foreignKey" : false,
      "generatorType" : "assigned",
      "generatorValue" : null,
      "hidden" : false,
      "javaType" : "string",
      "length" : 255,
      "name" : "ZIP",
      "nullable" : true,
      "oldName" : "ZIP",
      "partOfAnyRelation" : false,
      "partOfForeignKey" : false,
      "partOfPrimaryKey" : false,
      "partOfUniqueKey" : false,
      "period" : false,
      "precision" : 19,
      "primaryKey" : false,
      "scale" : 2,
      "sequenceSchema" : null,
      "sqlType" : "string",
      "unique" : false
    }, {
      "columnValue" : {
        "insertable" : true,
        "updatable" : true,
        "defaultValue" : null,
        "type" : "user-defined"
      },
      "constraintList" : null,
      "fieldName" : "birthdate",
      "foreignKey" : false,
      "generatorType" : "assigned",
      "generatorValue" : null,
      "hidden" : false,
      "javaType" : "date",
      "length" : 10,
      "name" : "BIRTHDATE",
      "nullable" : true,
      "oldName" : "BIRTHDATE",
      "partOfAnyRelation" : false,
      "partOfForeignKey" : false,
      "partOfPrimaryKey" : false,
      "partOfUniqueKey" : false,
      "period" : false,
      "precision" : 19,
      "primaryKey" : false,
      "scale" : 2,
      "sequenceSchema" : null,
      "sqlType" : "date",
      "unique" : false
    }, {
      "columnValue" : {
        "insertable" : true,
        "updatable" : true,
        "defaultValue" : null,
        "type" : "user-defined"
      },
      "constraintList" : null,
      "fieldName" : "picurl",
      "foreignKey" : false,
      "generatorType" : "assigned",
      "generatorValue" : null,
      "hidden" : false,
      "javaType" : "string",
      "length" : 255,
      "name" : "PICURL",
      "nullable" : true,
      "oldName" : "PICURL",
      "partOfAnyRelation" : false,
      "partOfForeignKey" : false,
      "partOfPrimaryKey" : false,
      "partOfUniqueKey" : false,
      "period" : false,
      "precision" : 19,
      "primaryKey" : false,
      "scale" : 2,
      "sequenceSchema" : null,
      "sqlType" : "string",
      "unique" : false
    }, {
      "columnValue" : {
        "insertable" : true,
        "updatable" : true,
        "defaultValue" : null,
        "type" : "user-defined"
      },
      "constraintList" : null,
      "fieldName" : "jobtitle",
      "foreignKey" : false,
      "generatorType" : "assigned",
      "generatorValue" : null,
      "hidden" : false,
      "javaType" : "string",
      "length" : 40,
      "name" : "JOBTITLE",
      "nullable" : true,
      "oldName" : "JOBTITLE",
      "partOfAnyRelation" : false,
      "partOfForeignKey" : false,
      "partOfPrimaryKey" : false,
      "partOfUniqueKey" : false,
      "period" : false,
      "precision" : 19,
      "primaryKey" : false,
      "scale" : 2,
      "sequenceSchema" : null,
      "sqlType" : "string",
      "unique" : false
    }, {
      "columnValue" : {
        "insertable" : true,
        "updatable" : true,
        "defaultValue" : null,
        "type" : "user-defined"
      },
      "constraintList" : null,
      "fieldName" : "deptid",
      "foreignKey" : true,
      "generatorType" : "assigned",
      "generatorValue" : null,
      "hidden" : false,
      "javaType" : "integer",
      "length" : 255,
      "name" : "DEPTID",
      "nullable" : true,
      "oldName" : "DEPTID",
      "partOfAnyRelation" : true,
      "partOfForeignKey" : true,
      "partOfPrimaryKey" : false,
      "partOfUniqueKey" : false,
      "period" : false,
      "precision" : 10,
      "primaryKey" : false,
      "scale" : 0,
      "sequenceSchema" : null,
      "sqlType" : "number",
      "unique" : false
    }, {
      "columnValue" : {
        "insertable" : true,
        "updatable" : true,
        "defaultValue" : null,
        "type" : "user-defined"
      },
      "constraintList" : null,
      "fieldName" : "managerid",
      "foreignKey" : true,
      "generatorType" : "assigned",
      "generatorValue" : null,
      "hidden" : false,
      "javaType" : "integer",
      "length" : 255,
      "name" : "MANAGERID",
      "nullable" : true,
      "oldName" : "MANAGERID",
      "partOfAnyRelation" : true,
      "partOfForeignKey" : true,
      "partOfPrimaryKey" : false,
      "partOfUniqueKey" : false,
      "period" : false,
      "precision" : 10,
      "primaryKey" : false,
      "scale" : 0,
      "sequenceSchema" : null,
      "sqlType" : "number",
      "unique" : false
    }, {
      "columnValue" : {
        "insertable" : true,
        "updatable" : true,
        "defaultValue" : null,
        "type" : "user-defined"
      },
      "constraintList" : null,
      "fieldName" : "tenantid",
      "foreignKey" : false,
      "generatorType" : "assigned",
      "generatorValue" : null,
      "hidden" : false,
      "javaType" : "integer",
      "length" : 255,
      "name" : "TENANTID",
      "nullable" : true,
      "oldName" : "TENANTID",
      "partOfAnyRelation" : false,
      "partOfForeignKey" : false,
      "partOfPrimaryKey" : false,
      "partOfUniqueKey" : false,
      "period" : false,
      "precision" : 10,
      "primaryKey" : false,
      "scale" : 0,
      "sequenceSchema" : null,
      "sqlType" : "number",
      "unique" : false
    } ],
    "constraints" : [ ],
    "entityName" : "Employee",
    "filter" : null,
    "fullyQualifiedName" : "com.hrdb.Employee",
    "ignoreRefreshAfterInsert" : false,
    "name" : "EMPLOYEE",
    "oldName" : "EMPLOYEE",
    "primaryKey" : {
      "columns" : [ "EID" ],
      "composite" : false,
      "generator" : {
        "generatorType" : "identity",
        "generatorValue" : null,
        "schemaName" : null
      },
      "name" : "SYS_PK_10096",
      "virtual" : false
    },
    "relations" : [ {
      "cardinality" : "ManyToOne",
      "cascadeEnabled" : true,
      "cascadeOptions" : {
        "cascadeRemove" : "REMOVE",
        "cascadeReplace" : false
      },
      "columnsUniqueKey" : false,
      "composite" : false,
      "fetchOptions" : {
        "fetch" : true,
        "columnsFilter" : [ ]
      },
      "fieldName" : "department",
      "ignored" : false,
      "mappings" : [ {
        "sourceColumn" : "DEPTID",
        "targetColumn" : "DEPTID"
      } ],
      "name" : "DEPTFKEY",
      "parentFetchOptions" : {
        "fetch" : false,
        "columnsFilter" : [ ]
      },
      "primary" : true,
      "selfRelation" : false,
      "sourceColumnsNotUniqueKey" : true,
      "sourceTable" : "EMPLOYEE",
      "targetColumnsUniqueKey" : false,
      "targetTable" : "DEPARTMENT",
      "valid" : true,
      "virtual" : false
    }, {
      "cardinality" : "ManyToOne",
      "cascadeEnabled" : true,
      "cascadeOptions" : {
        "cascadeRemove" : "REMOVE",
        "cascadeReplace" : false
      },
      "columnsUniqueKey" : false,
      "composite" : false,
      "fetchOptions" : {
        "fetch" : true,
        "columnsFilter" : [ ]
      },
      "fieldName" : "employeeByManagerid",
      "ignored" : false,
      "mappings" : [ {
        "sourceColumn" : "MANAGERID",
        "targetColumn" : "EID"
      } ],
      "name" : "MGRFKEY",
      "parentFetchOptions" : {
        "fetch" : false,
        "columnsFilter" : [ ]
      },
      "primary" : true,
      "selfRelation" : true,
      "sourceColumnsNotUniqueKey" : true,
      "sourceTable" : "EMPLOYEE",
      "targetColumnsUniqueKey" : false,
      "targetTable" : "EMPLOYEE",
      "valid" : true,
      "virtual" : false
    } ],
    "schema" : "PUBLIC",
    "temporals" : [ ],
    "type" : "TABLE"
  } ]
}