{
  "noOfDepartments" : {
    "name" : "noOfDepartments",
    "description" : "No description is provided",
    "version" : "V1",
    "request" : {
      "wrapped" : false,
      "typeRef" : null,
      "method" : "GET"
    },
    "response" : {
      "typeRef" : "com.hrdb.models.query.NoOfDepartmentsResponse",
      "returns" : "CUSTOM",
      "responseType" : "PAGINATED",
      "properties" : [ {
        "name" : "C1",
        "fieldName" : "c1",
        "optional" : false,
        "fieldType" : {
          "type" : "PRIMITIVE",
          "typeRef" : "java.math.BigInteger",
          "list" : false
        }
      } ]
    },
    "queryString" : "SELECT COUNT(NAME) FROM DEPARTMENT",
    "countQueryString" : "select count(*) from (SELECT COUNT(NAME) FROM DEPARTMENT) wmTempTable",
    "nativeSql" : true,
    "fetchCount" : true,
    "type" : "SELECT",
    "parameters" : [ ]
  },
  "TotalBudget" : {
    "name" : "TotalBudget",
    "description" : "No description is provided",
    "version" : "V1",
    "request" : {
      "wrapped" : false,
      "typeRef" : null,
      "method" : "GET"
    },
    "response" : {
      "typeRef" : "com.hrdb.models.query.TotalBudgetResponse",
      "returns" : "CUSTOM",
      "responseType" : "PAGINATED",
      "properties" : [ {
        "name" : "C1",
        "fieldName" : "c1",
        "optional" : false,
        "fieldType" : {
          "type" : "PRIMITIVE",
          "typeRef" : "java.math.BigInteger",
          "list" : false
        }
      } ]
    },
    "queryString" : "select sum(budget) from department",
    "countQueryString" : "select count(*) from (select sum(budget) from department) wmTempTable",
    "nativeSql" : true,
    "fetchCount" : true,
    "type" : "SELECT",
    "parameters" : [ ]
  },
  "NoOfEmployee" : {
    "name" : "NoOfEmployee",
    "description" : "No description is provided",
    "version" : "V1",
    "request" : {
      "wrapped" : false,
      "typeRef" : null,
      "method" : "GET"
    },
    "response" : {
      "typeRef" : "com.hrdb.models.query.NoOfEmployeeResponse",
      "returns" : "CUSTOM",
      "responseType" : "PAGINATED",
      "properties" : [ {
        "name" : "C1",
        "fieldName" : "c1",
        "optional" : false,
        "fieldType" : {
          "type" : "PRIMITIVE",
          "typeRef" : "java.math.BigInteger",
          "list" : false
        }
      } ]
    },
    "queryString" : "select count(eid) from employee",
    "countQueryString" : "select count(*) from (select count(eid) from employee) wmTempTable",
    "nativeSql" : true,
    "fetchCount" : true,
    "type" : "SELECT",
    "parameters" : [ ]
  },
  "EngineeringEmployees" : {
    "name" : "EngineeringEmployees",
    "description" : "No description is provided",
    "version" : "V1",
    "request" : {
      "wrapped" : false,
      "typeRef" : null,
      "method" : "GET"
    },
    "response" : {
      "typeRef" : "com.hrdb.models.query.EngineeringEmployeesResponse",
      "returns" : "CUSTOM",
      "responseType" : "PAGINATED",
      "properties" : [ {
        "name" : "PICURL",
        "fieldName" : "picurl",
        "optional" : false,
        "fieldType" : {
          "type" : "PRIMITIVE",
          "typeRef" : "java.lang.String",
          "list" : false
        }
      }, {
        "name" : "FIRSTNAME",
        "fieldName" : "firstname",
        "optional" : false,
        "fieldType" : {
          "type" : "PRIMITIVE",
          "typeRef" : "java.lang.String",
          "list" : false
        }
      }, {
        "name" : "STATE",
        "fieldName" : "state",
        "optional" : false,
        "fieldType" : {
          "type" : "PRIMITIVE",
          "typeRef" : "java.lang.String",
          "list" : false
        }
      }, {
        "name" : "ZIP",
        "fieldName" : "zip",
        "optional" : false,
        "fieldType" : {
          "type" : "PRIMITIVE",
          "typeRef" : "java.lang.String",
          "list" : false
        }
      }, {
        "name" : "BIRTHDATE",
        "fieldName" : "birthdate",
        "optional" : false,
        "fieldType" : {
          "type" : "PRIMITIVE",
          "typeRef" : "java.sql.Date",
          "list" : false
        }
      }, {
        "name" : "TENANTID",
        "fieldName" : "tenantid",
        "optional" : false,
        "fieldType" : {
          "type" : "PRIMITIVE",
          "typeRef" : "java.lang.Integer",
          "list" : false
        }
      }, {
        "name" : "EID",
        "fieldName" : "eid",
        "optional" : false,
        "fieldType" : {
          "type" : "PRIMITIVE",
          "typeRef" : "java.lang.Integer",
          "list" : false
        }
      }, {
        "name" : "CITY",
        "fieldName" : "city",
        "optional" : false,
        "fieldType" : {
          "type" : "PRIMITIVE",
          "typeRef" : "java.lang.String",
          "list" : false
        }
      }, {
        "name" : "STREET",
        "fieldName" : "street",
        "optional" : false,
        "fieldType" : {
          "type" : "PRIMITIVE",
          "typeRef" : "java.lang.String",
          "list" : false
        }
      }, {
        "name" : "JOBTITLE",
        "fieldName" : "jobtitle",
        "optional" : false,
        "fieldType" : {
          "type" : "PRIMITIVE",
          "typeRef" : "java.lang.String",
          "list" : false
        }
      }, {
        "name" : "DEPTID",
        "fieldName" : "deptid",
        "optional" : false,
        "fieldType" : {
          "type" : "PRIMITIVE",
          "typeRef" : "java.lang.Integer",
          "list" : false
        }
      }, {
        "name" : "MANAGERID",
        "fieldName" : "managerid",
        "optional" : false,
        "fieldType" : {
          "type" : "PRIMITIVE",
          "typeRef" : "java.lang.String",
          "list" : false
        }
      }, {
        "name" : "LASTNAME",
        "fieldName" : "lastname",
        "optional" : false,
        "fieldType" : {
          "type" : "PRIMITIVE",
          "typeRef" : "java.lang.String",
          "list" : false
        }
      } ]
    },
    "queryString" : "select * from EMPLOYEE where DEPTID=1",
    "countQueryString" : "select count(*) from (select * from EMPLOYEE where DEPTID=1) wmTempTable",
    "nativeSql" : true,
    "fetchCount" : true,
    "type" : "SELECT",
    "parameters" : [ ]
  },
  "MarketingEmployees" : {
    "name" : "MarketingEmployees",
    "description" : "No description is provided",
    "version" : "V1",
    "request" : {
      "wrapped" : false,
      "typeRef" : null,
      "method" : "GET"
    },
    "response" : {
      "typeRef" : "com.hrdb.models.query.MarketingEmployeesResponse",
      "returns" : "CUSTOM",
      "responseType" : "PAGINATED",
      "properties" : [ {
        "name" : "PICURL",
        "fieldName" : "picurl",
        "optional" : false,
        "fieldType" : {
          "type" : "PRIMITIVE",
          "typeRef" : "java.lang.String",
          "list" : false
        }
      }, {
        "name" : "FIRSTNAME",
        "fieldName" : "firstname",
        "optional" : false,
        "fieldType" : {
          "type" : "PRIMITIVE",
          "typeRef" : "java.lang.String",
          "list" : false
        }
      }, {
        "name" : "STATE",
        "fieldName" : "state",
        "optional" : false,
        "fieldType" : {
          "type" : "PRIMITIVE",
          "typeRef" : "java.lang.String",
          "list" : false
        }
      }, {
        "name" : "ZIP",
        "fieldName" : "zip",
        "optional" : false,
        "fieldType" : {
          "type" : "PRIMITIVE",
          "typeRef" : "java.lang.String",
          "list" : false
        }
      }, {
        "name" : "BIRTHDATE",
        "fieldName" : "birthdate",
        "optional" : false,
        "fieldType" : {
          "type" : "PRIMITIVE",
          "typeRef" : "java.sql.Date",
          "list" : false
        }
      }, {
        "name" : "TENANTID",
        "fieldName" : "tenantid",
        "optional" : false,
        "fieldType" : {
          "type" : "PRIMITIVE",
          "typeRef" : "java.lang.Integer",
          "list" : false
        }
      }, {
        "name" : "EID",
        "fieldName" : "eid",
        "optional" : false,
        "fieldType" : {
          "type" : "PRIMITIVE",
          "typeRef" : "java.lang.Integer",
          "list" : false
        }
      }, {
        "name" : "CITY",
        "fieldName" : "city",
        "optional" : false,
        "fieldType" : {
          "type" : "PRIMITIVE",
          "typeRef" : "java.lang.String",
          "list" : false
        }
      }, {
        "name" : "STREET",
        "fieldName" : "street",
        "optional" : false,
        "fieldType" : {
          "type" : "PRIMITIVE",
          "typeRef" : "java.lang.String",
          "list" : false
        }
      }, {
        "name" : "JOBTITLE",
        "fieldName" : "jobtitle",
        "optional" : false,
        "fieldType" : {
          "type" : "PRIMITIVE",
          "typeRef" : "java.lang.String",
          "list" : false
        }
      }, {
        "name" : "DEPTID",
        "fieldName" : "deptid",
        "optional" : false,
        "fieldType" : {
          "type" : "PRIMITIVE",
          "typeRef" : "java.lang.Integer",
          "list" : false
        }
      }, {
        "name" : "MANAGERID",
        "fieldName" : "managerid",
        "optional" : false,
        "fieldType" : {
          "type" : "PRIMITIVE",
          "typeRef" : "java.lang.String",
          "list" : false
        }
      }, {
        "name" : "LASTNAME",
        "fieldName" : "lastname",
        "optional" : false,
        "fieldType" : {
          "type" : "PRIMITIVE",
          "typeRef" : "java.lang.String",
          "list" : false
        }
      } ]
    },
    "queryString" : "select * from EMPLOYEE where DEPTID=2",
    "countQueryString" : "select count(*) from (select * from EMPLOYEE where DEPTID=2) wmTempTable",
    "nativeSql" : true,
    "fetchCount" : true,
    "type" : "SELECT",
    "parameters" : [ ]
  },
  "ProfessionalServicesEmployees" : {
    "name" : "ProfessionalServicesEmployees",
    "description" : "No description is provided",
    "version" : "V1",
    "request" : {
      "wrapped" : false,
      "typeRef" : null,
      "method" : "GET"
    },
    "response" : {
      "typeRef" : "com.hrdb.models.query.ProfessionalServicesEmployeesResponse",
      "returns" : "CUSTOM",
      "responseType" : "PAGINATED",
      "properties" : [ {
        "name" : "PICURL",
        "fieldName" : "picurl",
        "optional" : false,
        "fieldType" : {
          "type" : "PRIMITIVE",
          "typeRef" : "java.lang.String",
          "list" : false
        }
      }, {
        "name" : "FIRSTNAME",
        "fieldName" : "firstname",
        "optional" : false,
        "fieldType" : {
          "type" : "PRIMITIVE",
          "typeRef" : "java.lang.String",
          "list" : false
        }
      }, {
        "name" : "STATE",
        "fieldName" : "state",
        "optional" : false,
        "fieldType" : {
          "type" : "PRIMITIVE",
          "typeRef" : "java.lang.String",
          "list" : false
        }
      }, {
        "name" : "ZIP",
        "fieldName" : "zip",
        "optional" : false,
        "fieldType" : {
          "type" : "PRIMITIVE",
          "typeRef" : "java.lang.String",
          "list" : false
        }
      }, {
        "name" : "BIRTHDATE",
        "fieldName" : "birthdate",
        "optional" : false,
        "fieldType" : {
          "type" : "PRIMITIVE",
          "typeRef" : "java.sql.Date",
          "list" : false
        }
      }, {
        "name" : "TENANTID",
        "fieldName" : "tenantid",
        "optional" : false,
        "fieldType" : {
          "type" : "PRIMITIVE",
          "typeRef" : "java.lang.Integer",
          "list" : false
        }
      }, {
        "name" : "EID",
        "fieldName" : "eid",
        "optional" : false,
        "fieldType" : {
          "type" : "PRIMITIVE",
          "typeRef" : "java.lang.Integer",
          "list" : false
        }
      }, {
        "name" : "CITY",
        "fieldName" : "city",
        "optional" : false,
        "fieldType" : {
          "type" : "PRIMITIVE",
          "typeRef" : "java.lang.String",
          "list" : false
        }
      }, {
        "name" : "STREET",
        "fieldName" : "street",
        "optional" : false,
        "fieldType" : {
          "type" : "PRIMITIVE",
          "typeRef" : "java.lang.String",
          "list" : false
        }
      }, {
        "name" : "JOBTITLE",
        "fieldName" : "jobtitle",
        "optional" : false,
        "fieldType" : {
          "type" : "PRIMITIVE",
          "typeRef" : "java.lang.String",
          "list" : false
        }
      }, {
        "name" : "DEPTID",
        "fieldName" : "deptid",
        "optional" : false,
        "fieldType" : {
          "type" : "PRIMITIVE",
          "typeRef" : "java.lang.Integer",
          "list" : false
        }
      }, {
        "name" : "MANAGERID",
        "fieldName" : "managerid",
        "optional" : false,
        "fieldType" : {
          "type" : "PRIMITIVE",
          "typeRef" : "java.lang.String",
          "list" : false
        }
      }, {
        "name" : "LASTNAME",
        "fieldName" : "lastname",
        "optional" : false,
        "fieldType" : {
          "type" : "PRIMITIVE",
          "typeRef" : "java.lang.String",
          "list" : false
        }
      } ]
    },
    "queryString" : "select * from EMPLOYEE where DEPTID=5",
    "countQueryString" : "select count(*) from (select * from EMPLOYEE where DEPTID=5) wmTempTable",
    "nativeSql" : true,
    "fetchCount" : true,
    "type" : "SELECT",
    "parameters" : [ ]
  },
  "GeneralAndAdminEmployees" : {
    "name" : "GeneralAndAdminEmployees",
    "description" : "No description is provided",
    "version" : "V1",
    "request" : {
      "wrapped" : false,
      "typeRef" : null,
      "method" : "GET"
    },
    "response" : {
      "typeRef" : "com.hrdb.models.query.GeneralAndAdminEmployeesResponse",
      "returns" : "CUSTOM",
      "responseType" : "PAGINATED",
      "properties" : [ {
        "name" : "PICURL",
        "fieldName" : "picurl",
        "optional" : false,
        "fieldType" : {
          "type" : "PRIMITIVE",
          "typeRef" : "java.lang.String",
          "list" : false
        }
      }, {
        "name" : "FIRSTNAME",
        "fieldName" : "firstname",
        "optional" : false,
        "fieldType" : {
          "type" : "PRIMITIVE",
          "typeRef" : "java.lang.String",
          "list" : false
        }
      }, {
        "name" : "STATE",
        "fieldName" : "state",
        "optional" : false,
        "fieldType" : {
          "type" : "PRIMITIVE",
          "typeRef" : "java.lang.String",
          "list" : false
        }
      }, {
        "name" : "ZIP",
        "fieldName" : "zip",
        "optional" : false,
        "fieldType" : {
          "type" : "PRIMITIVE",
          "typeRef" : "java.lang.String",
          "list" : false
        }
      }, {
        "name" : "BIRTHDATE",
        "fieldName" : "birthdate",
        "optional" : false,
        "fieldType" : {
          "type" : "PRIMITIVE",
          "typeRef" : "java.sql.Date",
          "list" : false
        }
      }, {
        "name" : "TENANTID",
        "fieldName" : "tenantid",
        "optional" : false,
        "fieldType" : {
          "type" : "PRIMITIVE",
          "typeRef" : "java.lang.Integer",
          "list" : false
        }
      }, {
        "name" : "EID",
        "fieldName" : "eid",
        "optional" : false,
        "fieldType" : {
          "type" : "PRIMITIVE",
          "typeRef" : "java.lang.Integer",
          "list" : false
        }
      }, {
        "name" : "CITY",
        "fieldName" : "city",
        "optional" : false,
        "fieldType" : {
          "type" : "PRIMITIVE",
          "typeRef" : "java.lang.String",
          "list" : false
        }
      }, {
        "name" : "STREET",
        "fieldName" : "street",
        "optional" : false,
        "fieldType" : {
          "type" : "PRIMITIVE",
          "typeRef" : "java.lang.String",
          "list" : false
        }
      }, {
        "name" : "JOBTITLE",
        "fieldName" : "jobtitle",
        "optional" : false,
        "fieldType" : {
          "type" : "PRIMITIVE",
          "typeRef" : "java.lang.String",
          "list" : false
        }
      }, {
        "name" : "DEPTID",
        "fieldName" : "deptid",
        "optional" : false,
        "fieldType" : {
          "type" : "PRIMITIVE",
          "typeRef" : "java.lang.Integer",
          "list" : false
        }
      }, {
        "name" : "MANAGERID",
        "fieldName" : "managerid",
        "optional" : false,
        "fieldType" : {
          "type" : "PRIMITIVE",
          "typeRef" : "java.lang.Integer",
          "list" : false
        }
      }, {
        "name" : "LASTNAME",
        "fieldName" : "lastname",
        "optional" : false,
        "fieldType" : {
          "type" : "PRIMITIVE",
          "typeRef" : "java.lang.String",
          "list" : false
        }
      } ]
    },
    "queryString" : "select * from EMPLOYEE where DEPTID=3",
    "countQueryString" : "select count(*) from (select * from EMPLOYEE where DEPTID=3) wmTempTable",
    "nativeSql" : true,
    "fetchCount" : true,
    "type" : "SELECT",
    "parameters" : [ ]
  },
  "SalesEmployees" : {
    "name" : "SalesEmployees",
    "description" : "No description is provided",
    "version" : "V1",
    "request" : {
      "wrapped" : false,
      "typeRef" : null,
      "method" : "GET"
    },
    "response" : {
      "typeRef" : "com.hrdb.models.query.SalesEmployeesResponse",
      "returns" : "CUSTOM",
      "responseType" : "PAGINATED",
      "properties" : [ {
        "name" : "PICURL",
        "fieldName" : "picurl",
        "optional" : false,
        "fieldType" : {
          "type" : "PRIMITIVE",
          "typeRef" : "java.lang.String",
          "list" : false
        }
      }, {
        "name" : "FIRSTNAME",
        "fieldName" : "firstname",
        "optional" : false,
        "fieldType" : {
          "type" : "PRIMITIVE",
          "typeRef" : "java.lang.String",
          "list" : false
        }
      }, {
        "name" : "STATE",
        "fieldName" : "state",
        "optional" : false,
        "fieldType" : {
          "type" : "PRIMITIVE",
          "typeRef" : "java.lang.String",
          "list" : false
        }
      }, {
        "name" : "ZIP",
        "fieldName" : "zip",
        "optional" : false,
        "fieldType" : {
          "type" : "PRIMITIVE",
          "typeRef" : "java.lang.String",
          "list" : false
        }
      }, {
        "name" : "BIRTHDATE",
        "fieldName" : "birthdate",
        "optional" : false,
        "fieldType" : {
          "type" : "PRIMITIVE",
          "typeRef" : "java.sql.Date",
          "list" : false
        }
      }, {
        "name" : "TENANTID",
        "fieldName" : "tenantid",
        "optional" : false,
        "fieldType" : {
          "type" : "PRIMITIVE",
          "typeRef" : "java.lang.Integer",
          "list" : false
        }
      }, {
        "name" : "EID",
        "fieldName" : "eid",
        "optional" : false,
        "fieldType" : {
          "type" : "PRIMITIVE",
          "typeRef" : "java.lang.Integer",
          "list" : false
        }
      }, {
        "name" : "CITY",
        "fieldName" : "city",
        "optional" : false,
        "fieldType" : {
          "type" : "PRIMITIVE",
          "typeRef" : "java.lang.String",
          "list" : false
        }
      }, {
        "name" : "STREET",
        "fieldName" : "street",
        "optional" : false,
        "fieldType" : {
          "type" : "PRIMITIVE",
          "typeRef" : "java.lang.String",
          "list" : false
        }
      }, {
        "name" : "JOBTITLE",
        "fieldName" : "jobtitle",
        "optional" : false,
        "fieldType" : {
          "type" : "PRIMITIVE",
          "typeRef" : "java.lang.String",
          "list" : false
        }
      }, {
        "name" : "DEPTID",
        "fieldName" : "deptid",
        "optional" : false,
        "fieldType" : {
          "type" : "PRIMITIVE",
          "typeRef" : "java.lang.Integer",
          "list" : false
        }
      }, {
        "name" : "MANAGERID",
        "fieldName" : "managerid",
        "optional" : false,
        "fieldType" : {
          "type" : "PRIMITIVE",
          "typeRef" : "java.lang.Integer",
          "list" : false
        }
      }, {
        "name" : "LASTNAME",
        "fieldName" : "lastname",
        "optional" : false,
        "fieldType" : {
          "type" : "PRIMITIVE",
          "typeRef" : "java.lang.String",
          "list" : false
        }
      } ]
    },
    "queryString" : "select * from EMPLOYEE where DEPTID=4",
    "countQueryString" : "select count(*) from (select * from EMPLOYEE where DEPTID=4) wmTempTable",
    "nativeSql" : true,
    "fetchCount" : true,
    "type" : "SELECT",
    "parameters" : [ ]
  },
  "SelectedEmployeeID" : {
    "name" : "SelectedEmployeeID",
    "description" : "No description is provided",
    "version" : "V1",
    "request" : {
      "wrapped" : false,
      "typeRef" : null,
      "method" : "GET"
    },
    "response" : {
      "typeRef" : "com.hrdb.models.query.SelectedEmployeeIdResponse",
      "returns" : "CUSTOM",
      "responseType" : "PAGINATED",
      "properties" : [ {
        "name" : "PICURL",
        "fieldName" : "picurl",
        "optional" : false,
        "fieldType" : {
          "type" : "PRIMITIVE",
          "typeRef" : "java.lang.String",
          "list" : false
        }
      }, {
        "name" : "FIRSTNAME",
        "fieldName" : "firstname",
        "optional" : false,
        "fieldType" : {
          "type" : "PRIMITIVE",
          "typeRef" : "java.lang.String",
          "list" : false
        }
      }, {
        "name" : "STATE",
        "fieldName" : "state",
        "optional" : false,
        "fieldType" : {
          "type" : "PRIMITIVE",
          "typeRef" : "java.lang.String",
          "list" : false
        }
      }, {
        "name" : "ZIP",
        "fieldName" : "zip",
        "optional" : false,
        "fieldType" : {
          "type" : "PRIMITIVE",
          "typeRef" : "java.lang.String",
          "list" : false
        }
      }, {
        "name" : "BIRTHDATE",
        "fieldName" : "birthdate",
        "optional" : false,
        "fieldType" : {
          "type" : "PRIMITIVE",
          "typeRef" : "java.sql.Date",
          "list" : false
        }
      }, {
        "name" : "TENANTID",
        "fieldName" : "tenantid",
        "optional" : false,
        "fieldType" : {
          "type" : "PRIMITIVE",
          "typeRef" : "java.lang.Integer",
          "list" : false
        }
      }, {
        "name" : "EID",
        "fieldName" : "eid",
        "optional" : false,
        "fieldType" : {
          "type" : "PRIMITIVE",
          "typeRef" : "java.lang.Integer",
          "list" : false
        }
      }, {
        "name" : "CITY",
        "fieldName" : "city",
        "optional" : false,
        "fieldType" : {
          "type" : "PRIMITIVE",
          "typeRef" : "java.lang.String",
          "list" : false
        }
      }, {
        "name" : "STREET",
        "fieldName" : "street",
        "optional" : false,
        "fieldType" : {
          "type" : "PRIMITIVE",
          "typeRef" : "java.lang.String",
          "list" : false
        }
      }, {
        "name" : "JOBTITLE",
        "fieldName" : "jobtitle",
        "optional" : false,
        "fieldType" : {
          "type" : "PRIMITIVE",
          "typeRef" : "java.lang.String",
          "list" : false
        }
      }, {
        "name" : "DEPTID",
        "fieldName" : "deptid",
        "optional" : false,
        "fieldType" : {
          "type" : "PRIMITIVE",
          "typeRef" : "java.lang.Integer",
          "list" : false
        }
      }, {
        "name" : "MANAGERID",
        "fieldName" : "managerid",
        "optional" : false,
        "fieldType" : {
          "type" : "PRIMITIVE",
          "typeRef" : "java.lang.Integer",
          "list" : false
        }
      }, {
        "name" : "LASTNAME",
        "fieldName" : "lastname",
        "optional" : false,
        "fieldType" : {
          "type" : "PRIMITIVE",
          "typeRef" : "java.lang.String",
          "list" : false
        }
      } ]
    },
    "queryString" : "select * from employee where eid=:data",
    "countQueryString" : "select count(*) from (select * from employee where eid=:data) wmTempTable",
    "nativeSql" : true,
    "fetchCount" : true,
    "type" : "SELECT",
    "parameters" : [ {
      "name" : "data",
      "type" : "integer",
      "list" : false,
      "variableType" : "PROMPT",
      "testValue" : null,
      "required" : true
    } ]
  },
  "NoOfDepartment" : {
    "name" : "NoOfDepartment",
    "description" : "No description is provided",
    "version" : "V1",
    "request" : {
      "wrapped" : false,
      "typeRef" : null,
      "method" : "GET"
    },
    "response" : {
      "typeRef" : "com.hrdb.models.query.NoOfDepartmentResponse",
      "returns" : "CUSTOM",
      "responseType" : "PAGINATED",
      "properties" : [ {
        "name" : "C1",
        "fieldName" : "c1",
        "optional" : false,
        "fieldType" : {
          "type" : "PRIMITIVE",
          "typeRef" : "java.math.BigInteger",
          "list" : false
        }
      } ]
    },
    "queryString" : "SELECT COUNT(NAME) FROM DEPARTMENT",
    "countQueryString" : "select count(*) from (SELECT COUNT(NAME) FROM DEPARTMENT) wmTempTable",
    "nativeSql" : true,
    "fetchCount" : true,
    "type" : "SELECT",
    "parameters" : [ ]
  }
}