{
  "appNotification" : {
    "_id" : "wm-appErrorHandler-wm.NotificationVariable-1454664620943",
    "name" : "appNotification",
    "owner" : "App",
    "category" : "wm.NotificationVariable",
    "dataBinding" : [ {
      "target" : "class",
      "value" : "Error",
      "type" : "list"
    }, {
      "target" : "toasterPosition",
      "value" : "bottom right",
      "type" : "list"
    } ],
    "operation" : "toast"
  },
  "GoogleapisInvoke" : {
    "_id" : "wm-GoogleapisInvoke-wm.ServiceVariable-1442986320706",
    "name" : "GoogleapisInvoke",
    "owner" : "App",
    "category" : "wm.ServiceVariable",
    "dataBinding" : [ {
      "target" : "address",
      "value" : "bind:Widgets.EmployeeLivelist.selecteditem.city ||Widgets.ENGLIvelist.selecteditem.CITY ||Widgets.PSLivelist.selecteditem.CITY ||Widgets.ADMINLivelist.selecteditem.CITY ||Widgets.SALESLivelist.selecteditem.CITY || Widgets.MKTGLivelist.selecteditem.CITY",
      "type" : "string"
    }, {
      "target" : "key",
      "value" : "AIzaSyC0EAIlyW1TnOffnkGHmFQvOjy0Na2M_-Q",
      "type" : "string"
    } ],
    "type" : "googleapis.RootResponse",
    "service" : "googleapis",
    "operation" : "invoke",
    "operationId" : "RestServiceVirtualController-invoke",
    "operationType" : "get",
    "serviceType" : "RestService",
    "dataSet" : {
      "dataValue" : ""
    },
    "isList" : false,
    "firstRow" : 0,
    "maxResults" : 20,
    "designMaxResults" : 10,
    "startUpdate" : false,
    "autoUpdate" : true,
    "inFlightBehavior" : "executeAll",
    "transformationRequired" : false,
    "saveInPhonegap" : false,
    "isDefault" : true,
    "controller" : "RestServiceVirtual"
  },
  "goToPage-Main" : {
    "_id" : "wm-goToPage-Main-wm.NavigationVariable1389180517517",
    "name" : "goToPage-Main",
    "owner" : "App",
    "category" : "wm.NavigationVariable",
    "dataBinding" : [ ],
    "operation" : "gotoPage",
    "pageName" : "Main"
  },
  "goToPage_Departments" : {
    "_id" : "wm-goToPage_Departments-wm.NavigationVariable-1442984475932",
    "name" : "goToPage_Departments",
    "owner" : "App",
    "category" : "wm.NavigationVariable",
    "dataBinding" : [ ],
    "operation" : "gotoPage",
    "pageName" : "Departments"
  },
  "goToPage_Employees" : {
    "_id" : "wm-goToPage_Employees-wm.NavigationVariable-1442984453908",
    "name" : "goToPage_Employees",
    "owner" : "App",
    "category" : "wm.NavigationVariable",
    "dataBinding" : [ ],
    "operation" : "gotoPage",
    "pageName" : "Employees"
  },
  "goToPage_EmployeesProfile" : {
    "_id" : "wm-goToPage_EmployeesProfile-wm.NavigationVariable-1442984505227",
    "name" : "goToPage_EmployeesProfile",
    "owner" : "App",
    "category" : "wm.NavigationVariable",
    "dataBinding" : [ ],
    "operation" : "gotoPage",
    "pageName" : "EmployeesProfile"
  },
  "goToPage_Statistics" : {
    "_id" : "wm-goToPage_Statistics-wm.NavigationVariable-1442984520394",
    "name" : "goToPage_Statistics",
    "owner" : "App",
    "category" : "wm.NavigationVariable",
    "dataBinding" : [ ],
    "operation" : "gotoPage",
    "pageName" : "Statistics"
  },
  "HrdbDepartmentData" : {
    "_id" : "wm-HrdbDepartmentData-wm.LiveVariable-1442983511004",
    "name" : "HrdbDepartmentData",
    "owner" : "App",
    "category" : "wm.LiveVariable",
    "dataBinding" : [ ],
    "operation" : "read",
    "dataSet" : [ ],
    "type" : "Department",
    "isList" : true,
    "saveInPhonegap" : false,
    "firstRow" : 0,
    "maxResults" : 20,
    "designMaxResults" : 10,
    "inFlightBehavior" : "executeLast",
    "startUpdate" : true,
    "autoUpdate" : true,
    "transformationRequired" : false,
    "liveSource" : "hrdb",
    "ignoreCase" : true,
    "matchMode" : "start",
    "propertiesMap" : {
      "columns" : [ {
        "fieldName" : "deptid",
        "type" : "integer",
        "fullyQualifiedType" : "integer",
        "columnName" : "DEPTID",
        "isPrimaryKey" : true,
        "notNull" : true,
        "length" : 255,
        "precision" : 10,
        "generator" : "identity",
        "isRelated" : false,
        "scale" : 0
      }, {
        "fieldName" : "name",
        "type" : "string",
        "fullyQualifiedType" : "string",
        "columnName" : "NAME",
        "isPrimaryKey" : false,
        "notNull" : false,
        "length" : 255,
        "precision" : 19,
        "generator" : "assigned",
        "isRelated" : false,
        "scale" : 2
      }, {
        "fieldName" : "budget",
        "type" : "integer",
        "fullyQualifiedType" : "integer",
        "columnName" : "BUDGET",
        "isPrimaryKey" : false,
        "notNull" : false,
        "length" : 255,
        "precision" : 10,
        "generator" : "assigned",
        "isRelated" : false,
        "scale" : 0
      }, {
        "fieldName" : "q1",
        "type" : "integer",
        "fullyQualifiedType" : "integer",
        "columnName" : "Q1",
        "isPrimaryKey" : false,
        "notNull" : false,
        "length" : 255,
        "precision" : 10,
        "generator" : "assigned",
        "isRelated" : false,
        "scale" : 0
      }, {
        "fieldName" : "q2",
        "type" : "integer",
        "fullyQualifiedType" : "integer",
        "columnName" : "Q2",
        "isPrimaryKey" : false,
        "notNull" : false,
        "length" : 255,
        "precision" : 10,
        "generator" : "assigned",
        "isRelated" : false,
        "scale" : 0
      }, {
        "fieldName" : "q3",
        "type" : "integer",
        "fullyQualifiedType" : "integer",
        "columnName" : "Q3",
        "isPrimaryKey" : false,
        "notNull" : false,
        "length" : 255,
        "precision" : 10,
        "generator" : "assigned",
        "isRelated" : false,
        "scale" : 0
      }, {
        "fieldName" : "q4",
        "type" : "integer",
        "fullyQualifiedType" : "integer",
        "columnName" : "Q4",
        "isPrimaryKey" : false,
        "notNull" : false,
        "length" : 255,
        "precision" : 10,
        "generator" : "assigned",
        "isRelated" : false,
        "scale" : 0
      }, {
        "fieldName" : "deptcode",
        "type" : "string",
        "fullyQualifiedType" : "string",
        "columnName" : "DEPTCODE",
        "isPrimaryKey" : false,
        "notNull" : false,
        "length" : 20,
        "precision" : 19,
        "generator" : "assigned",
        "isRelated" : false,
        "scale" : 2
      }, {
        "fieldName" : "location",
        "type" : "string",
        "fullyQualifiedType" : "string",
        "columnName" : "LOCATION",
        "isPrimaryKey" : false,
        "notNull" : false,
        "length" : 255,
        "precision" : 19,
        "generator" : "assigned",
        "isRelated" : false,
        "scale" : 2
      }, {
        "fieldName" : "tenantid",
        "type" : "integer",
        "fullyQualifiedType" : "integer",
        "columnName" : "TENANTID",
        "isPrimaryKey" : false,
        "notNull" : false,
        "length" : 255,
        "precision" : 10,
        "generator" : "assigned",
        "isRelated" : false,
        "scale" : 0
      } ],
      "entityName" : "Department",
      "fullyQualifiedName" : "com.hrdb.Department",
      "tableType" : "TABLE",
      "primaryFields" : [ "deptid" ]
    },
    "isDefault" : true,
    "bindCount" : 1,
    "tableName" : "DEPARTMENT",
    "tableType" : "TABLE",
    "dbSystem" : "HSQLDB",
    "properties" : [ ],
    "relatedTables" : [ ],
    "filterExpressions" : {
      "condition" : "AND",
      "rules" : [ ]
    },
    "package" : "com.hrdb.Department"
  },
  "HrdbEmployeeData" : {
    "_id" : "wm-HrdbEmployeeData-wm.LiveVariable-1442983511021",
    "name" : "HrdbEmployeeData",
    "owner" : "App",
    "category" : "wm.LiveVariable",
    "dataBinding" : [ ],
    "operation" : "read",
    "dataSet" : [ ],
    "type" : "Employee",
    "isList" : true,
    "saveInPhonegap" : false,
    "firstRow" : 0,
    "maxResults" : 20,
    "designMaxResults" : 10,
    "inFlightBehavior" : "executeLast",
    "startUpdate" : true,
    "autoUpdate" : true,
    "transformationRequired" : false,
    "liveSource" : "hrdb",
    "ignoreCase" : true,
    "matchMode" : "start",
    "propertiesMap" : {
      "columns" : [ {
        "fieldName" : "department",
        "type" : "integer",
        "fullyQualifiedType" : "integer",
        "columnName" : "DEPTID",
        "isPrimaryKey" : false,
        "notNull" : false,
        "length" : 255,
        "precision" : 10,
        "generator" : "assigned",
        "isRelated" : true,
        "relatedTableName" : "DEPARTMENT",
        "relatedEntityName" : "Department",
        "relatedColumnName" : "deptid",
        "relatedFieldName" : "department.deptid",
        "isList" : false,
        "targetTable" : "DEPARTMENT",
        "scale" : 0,
        "columns" : [ {
          "fieldName" : "deptid",
          "type" : "integer",
          "fullyQualifiedType" : "integer",
          "columnName" : "DEPTID",
          "isPrimaryKey" : true,
          "notNull" : true,
          "length" : 255,
          "precision" : 10,
          "generator" : "identity",
          "isRelated" : false,
          "scale" : 0
        }, {
          "fieldName" : "name",
          "type" : "string",
          "fullyQualifiedType" : "string",
          "columnName" : "NAME",
          "isPrimaryKey" : false,
          "notNull" : false,
          "length" : 255,
          "precision" : 19,
          "generator" : "assigned",
          "isRelated" : false,
          "scale" : 2
        }, {
          "fieldName" : "budget",
          "type" : "integer",
          "fullyQualifiedType" : "integer",
          "columnName" : "BUDGET",
          "isPrimaryKey" : false,
          "notNull" : false,
          "length" : 255,
          "precision" : 10,
          "generator" : "assigned",
          "isRelated" : false,
          "scale" : 0
        }, {
          "fieldName" : "q1",
          "type" : "integer",
          "fullyQualifiedType" : "integer",
          "columnName" : "Q1",
          "isPrimaryKey" : false,
          "notNull" : false,
          "length" : 255,
          "precision" : 10,
          "generator" : "assigned",
          "isRelated" : false,
          "scale" : 0
        }, {
          "fieldName" : "q2",
          "type" : "integer",
          "fullyQualifiedType" : "integer",
          "columnName" : "Q2",
          "isPrimaryKey" : false,
          "notNull" : false,
          "length" : 255,
          "precision" : 10,
          "generator" : "assigned",
          "isRelated" : false,
          "scale" : 0
        }, {
          "fieldName" : "q3",
          "type" : "integer",
          "fullyQualifiedType" : "integer",
          "columnName" : "Q3",
          "isPrimaryKey" : false,
          "notNull" : false,
          "length" : 255,
          "precision" : 10,
          "generator" : "assigned",
          "isRelated" : false,
          "scale" : 0
        }, {
          "fieldName" : "q4",
          "type" : "integer",
          "fullyQualifiedType" : "integer",
          "columnName" : "Q4",
          "isPrimaryKey" : false,
          "notNull" : false,
          "length" : 255,
          "precision" : 10,
          "generator" : "assigned",
          "isRelated" : false,
          "scale" : 0
        }, {
          "fieldName" : "deptcode",
          "type" : "string",
          "fullyQualifiedType" : "string",
          "columnName" : "DEPTCODE",
          "isPrimaryKey" : false,
          "notNull" : false,
          "length" : 20,
          "precision" : 19,
          "generator" : "assigned",
          "isRelated" : false,
          "scale" : 2
        }, {
          "fieldName" : "location",
          "type" : "string",
          "fullyQualifiedType" : "string",
          "columnName" : "LOCATION",
          "isPrimaryKey" : false,
          "notNull" : false,
          "length" : 255,
          "precision" : 19,
          "generator" : "assigned",
          "isRelated" : false,
          "scale" : 2
        }, {
          "fieldName" : "tenantid",
          "type" : "integer",
          "fullyQualifiedType" : "integer",
          "columnName" : "TENANTID",
          "isPrimaryKey" : false,
          "notNull" : false,
          "length" : 255,
          "precision" : 10,
          "generator" : "assigned",
          "isRelated" : false,
          "scale" : 0
        } ]
      }, {
        "fieldName" : "employeeByManagerid",
        "type" : "integer",
        "fullyQualifiedType" : "integer",
        "columnName" : "MANAGERID",
        "isPrimaryKey" : false,
        "notNull" : false,
        "length" : 255,
        "precision" : 10,
        "generator" : "assigned",
        "isRelated" : true,
        "relatedTableName" : "EMPLOYEE",
        "relatedEntityName" : "Employee",
        "relatedColumnName" : "managerid",
        "relatedFieldName" : "employeeByManagerid.eid",
        "isList" : false,
        "targetTable" : "EMPLOYEE",
        "scale" : 0,
        "columns" : [ {
          "fieldName" : "department",
          "type" : "integer",
          "fullyQualifiedType" : "integer",
          "columnName" : "DEPTID",
          "isPrimaryKey" : false,
          "notNull" : false,
          "length" : 255,
          "precision" : 10,
          "generator" : "assigned",
          "isRelated" : true,
          "relatedTableName" : "DEPARTMENT",
          "relatedEntityName" : "Department",
          "relatedColumnName" : "deptid",
          "relatedFieldName" : "department.deptid",
          "isList" : false,
          "targetTable" : "DEPARTMENT",
          "scale" : 0,
          "columns" : [ {
            "fieldName" : "deptid",
            "type" : "integer",
            "fullyQualifiedType" : "integer",
            "columnName" : "DEPTID",
            "isPrimaryKey" : true,
            "notNull" : true,
            "length" : 255,
            "precision" : 10,
            "generator" : "identity",
            "isRelated" : false,
            "scale" : 0
          }, {
            "fieldName" : "name",
            "type" : "string",
            "fullyQualifiedType" : "string",
            "columnName" : "NAME",
            "isPrimaryKey" : false,
            "notNull" : false,
            "length" : 255,
            "precision" : 19,
            "generator" : "assigned",
            "isRelated" : false,
            "scale" : 2
          }, {
            "fieldName" : "budget",
            "type" : "integer",
            "fullyQualifiedType" : "integer",
            "columnName" : "BUDGET",
            "isPrimaryKey" : false,
            "notNull" : false,
            "length" : 255,
            "precision" : 10,
            "generator" : "assigned",
            "isRelated" : false,
            "scale" : 0
          }, {
            "fieldName" : "q1",
            "type" : "integer",
            "fullyQualifiedType" : "integer",
            "columnName" : "Q1",
            "isPrimaryKey" : false,
            "notNull" : false,
            "length" : 255,
            "precision" : 10,
            "generator" : "assigned",
            "isRelated" : false,
            "scale" : 0
          }, {
            "fieldName" : "q2",
            "type" : "integer",
            "fullyQualifiedType" : "integer",
            "columnName" : "Q2",
            "isPrimaryKey" : false,
            "notNull" : false,
            "length" : 255,
            "precision" : 10,
            "generator" : "assigned",
            "isRelated" : false,
            "scale" : 0
          }, {
            "fieldName" : "q3",
            "type" : "integer",
            "fullyQualifiedType" : "integer",
            "columnName" : "Q3",
            "isPrimaryKey" : false,
            "notNull" : false,
            "length" : 255,
            "precision" : 10,
            "generator" : "assigned",
            "isRelated" : false,
            "scale" : 0
          }, {
            "fieldName" : "q4",
            "type" : "integer",
            "fullyQualifiedType" : "integer",
            "columnName" : "Q4",
            "isPrimaryKey" : false,
            "notNull" : false,
            "length" : 255,
            "precision" : 10,
            "generator" : "assigned",
            "isRelated" : false,
            "scale" : 0
          }, {
            "fieldName" : "deptcode",
            "type" : "string",
            "fullyQualifiedType" : "string",
            "columnName" : "DEPTCODE",
            "isPrimaryKey" : false,
            "notNull" : false,
            "length" : 20,
            "precision" : 19,
            "generator" : "assigned",
            "isRelated" : false,
            "scale" : 2
          }, {
            "fieldName" : "location",
            "type" : "string",
            "fullyQualifiedType" : "string",
            "columnName" : "LOCATION",
            "isPrimaryKey" : false,
            "notNull" : false,
            "length" : 255,
            "precision" : 19,
            "generator" : "assigned",
            "isRelated" : false,
            "scale" : 2
          }, {
            "fieldName" : "tenantid",
            "type" : "integer",
            "fullyQualifiedType" : "integer",
            "columnName" : "TENANTID",
            "isPrimaryKey" : false,
            "notNull" : false,
            "length" : 255,
            "precision" : 10,
            "generator" : "assigned",
            "isRelated" : false,
            "scale" : 0
          } ]
        }, {
          "fieldName" : "employeeByManagerid",
          "type" : "integer",
          "fullyQualifiedType" : "integer",
          "columnName" : "MANAGERID",
          "isPrimaryKey" : false,
          "notNull" : false,
          "length" : 255,
          "precision" : 10,
          "generator" : "assigned",
          "isRelated" : true,
          "relatedTableName" : "EMPLOYEE",
          "relatedEntityName" : "Employee",
          "relatedColumnName" : "managerid",
          "targetTable" : "EMPLOYEE",
          "scale" : 0
        }, {
          "fieldName" : "eid",
          "type" : "integer",
          "fullyQualifiedType" : "integer",
          "columnName" : "EID",
          "isPrimaryKey" : true,
          "notNull" : true,
          "length" : 255,
          "precision" : 10,
          "generator" : "identity",
          "isRelated" : false,
          "scale" : 0
        }, {
          "fieldName" : "firstname",
          "type" : "string",
          "fullyQualifiedType" : "string",
          "columnName" : "FIRSTNAME",
          "isPrimaryKey" : false,
          "notNull" : false,
          "length" : 255,
          "precision" : 19,
          "generator" : "assigned",
          "isRelated" : false,
          "scale" : 2
        }, {
          "fieldName" : "lastname",
          "type" : "string",
          "fullyQualifiedType" : "string",
          "columnName" : "LASTNAME",
          "isPrimaryKey" : false,
          "notNull" : false,
          "length" : 255,
          "precision" : 19,
          "generator" : "assigned",
          "isRelated" : false,
          "scale" : 2
        }, {
          "fieldName" : "street",
          "type" : "string",
          "fullyQualifiedType" : "string",
          "columnName" : "STREET",
          "isPrimaryKey" : false,
          "notNull" : false,
          "length" : 255,
          "precision" : 19,
          "generator" : "assigned",
          "isRelated" : false,
          "scale" : 2
        }, {
          "fieldName" : "city",
          "type" : "string",
          "fullyQualifiedType" : "string",
          "columnName" : "CITY",
          "isPrimaryKey" : false,
          "notNull" : false,
          "length" : 255,
          "precision" : 19,
          "generator" : "assigned",
          "isRelated" : false,
          "scale" : 2
        }, {
          "fieldName" : "state",
          "type" : "string",
          "fullyQualifiedType" : "string",
          "columnName" : "STATE",
          "isPrimaryKey" : false,
          "notNull" : false,
          "length" : 2,
          "precision" : 19,
          "generator" : "assigned",
          "isRelated" : false,
          "scale" : 2
        }, {
          "fieldName" : "zip",
          "type" : "string",
          "fullyQualifiedType" : "string",
          "columnName" : "ZIP",
          "isPrimaryKey" : false,
          "notNull" : false,
          "length" : 255,
          "precision" : 19,
          "generator" : "assigned",
          "isRelated" : false,
          "scale" : 2
        }, {
          "fieldName" : "birthdate",
          "type" : "date",
          "fullyQualifiedType" : "date",
          "columnName" : "BIRTHDATE",
          "isPrimaryKey" : false,
          "notNull" : false,
          "length" : 10,
          "precision" : 19,
          "generator" : "assigned",
          "isRelated" : false,
          "scale" : 2
        }, {
          "fieldName" : "picurl",
          "type" : "string",
          "fullyQualifiedType" : "string",
          "columnName" : "PICURL",
          "isPrimaryKey" : false,
          "notNull" : false,
          "length" : 255,
          "precision" : 19,
          "generator" : "assigned",
          "isRelated" : false,
          "scale" : 2
        }, {
          "fieldName" : "jobtitle",
          "type" : "string",
          "fullyQualifiedType" : "string",
          "columnName" : "JOBTITLE",
          "isPrimaryKey" : false,
          "notNull" : false,
          "length" : 40,
          "precision" : 19,
          "generator" : "assigned",
          "isRelated" : false,
          "scale" : 2
        }, {
          "fieldName" : "tenantid",
          "type" : "integer",
          "fullyQualifiedType" : "integer",
          "columnName" : "TENANTID",
          "isPrimaryKey" : false,
          "notNull" : false,
          "length" : 255,
          "precision" : 10,
          "generator" : "assigned",
          "isRelated" : false,
          "scale" : 0
        } ]
      }, {
        "fieldName" : "eid",
        "type" : "integer",
        "fullyQualifiedType" : "integer",
        "columnName" : "EID",
        "isPrimaryKey" : true,
        "notNull" : true,
        "length" : 255,
        "precision" : 10,
        "generator" : "identity",
        "isRelated" : false,
        "scale" : 0
      }, {
        "fieldName" : "firstname",
        "type" : "string",
        "fullyQualifiedType" : "string",
        "columnName" : "FIRSTNAME",
        "isPrimaryKey" : false,
        "notNull" : false,
        "length" : 255,
        "precision" : 19,
        "generator" : "assigned",
        "isRelated" : false,
        "scale" : 2
      }, {
        "fieldName" : "lastname",
        "type" : "string",
        "fullyQualifiedType" : "string",
        "columnName" : "LASTNAME",
        "isPrimaryKey" : false,
        "notNull" : false,
        "length" : 255,
        "precision" : 19,
        "generator" : "assigned",
        "isRelated" : false,
        "scale" : 2
      }, {
        "fieldName" : "street",
        "type" : "string",
        "fullyQualifiedType" : "string",
        "columnName" : "STREET",
        "isPrimaryKey" : false,
        "notNull" : false,
        "length" : 255,
        "precision" : 19,
        "generator" : "assigned",
        "isRelated" : false,
        "scale" : 2
      }, {
        "fieldName" : "city",
        "type" : "string",
        "fullyQualifiedType" : "string",
        "columnName" : "CITY",
        "isPrimaryKey" : false,
        "notNull" : false,
        "length" : 255,
        "precision" : 19,
        "generator" : "assigned",
        "isRelated" : false,
        "scale" : 2
      }, {
        "fieldName" : "state",
        "type" : "string",
        "fullyQualifiedType" : "string",
        "columnName" : "STATE",
        "isPrimaryKey" : false,
        "notNull" : false,
        "length" : 2,
        "precision" : 19,
        "generator" : "assigned",
        "isRelated" : false,
        "scale" : 2
      }, {
        "fieldName" : "zip",
        "type" : "string",
        "fullyQualifiedType" : "string",
        "columnName" : "ZIP",
        "isPrimaryKey" : false,
        "notNull" : false,
        "length" : 255,
        "precision" : 19,
        "generator" : "assigned",
        "isRelated" : false,
        "scale" : 2
      }, {
        "fieldName" : "birthdate",
        "type" : "date",
        "fullyQualifiedType" : "date",
        "columnName" : "BIRTHDATE",
        "isPrimaryKey" : false,
        "notNull" : false,
        "length" : 10,
        "precision" : 19,
        "generator" : "assigned",
        "isRelated" : false,
        "scale" : 2
      }, {
        "fieldName" : "picurl",
        "type" : "string",
        "fullyQualifiedType" : "string",
        "columnName" : "PICURL",
        "isPrimaryKey" : false,
        "notNull" : false,
        "length" : 255,
        "precision" : 19,
        "generator" : "assigned",
        "isRelated" : false,
        "scale" : 2
      }, {
        "fieldName" : "jobtitle",
        "type" : "string",
        "fullyQualifiedType" : "string",
        "columnName" : "JOBTITLE",
        "isPrimaryKey" : false,
        "notNull" : false,
        "length" : 40,
        "precision" : 19,
        "generator" : "assigned",
        "isRelated" : false,
        "scale" : 2
      }, {
        "fieldName" : "tenantid",
        "type" : "integer",
        "fullyQualifiedType" : "integer",
        "columnName" : "TENANTID",
        "isPrimaryKey" : false,
        "notNull" : false,
        "length" : 255,
        "precision" : 10,
        "generator" : "assigned",
        "isRelated" : false,
        "scale" : 0
      } ],
      "entityName" : "Employee",
      "fullyQualifiedName" : "com.hrdb.Employee",
      "tableType" : "TABLE",
      "primaryFields" : [ "eid" ]
    },
    "isDefault" : true,
    "bindCount" : 1,
    "tableName" : "EMPLOYEE",
    "tableType" : "TABLE",
    "dbSystem" : "HSQLDB",
    "properties" : [ "department", "employeeByManagerid" ],
    "relatedTables" : [ {
      "columnName" : "department",
      "relationName" : "department",
      "type" : "Department",
      "watchOn" : "HrdbDepartmentData",
      "package" : "com.hrdb.Employee"
    }, {
      "columnName" : "employeeByManagerid",
      "relationName" : "employeeByManagerid",
      "type" : "Employee",
      "watchOn" : "HrdbEmployeeData",
      "package" : "com.hrdb.Employee"
    } ],
    "filterFields" : { },
    "filterExpressions" : {
      "condition" : "AND",
      "rules" : [ ]
    },
    "package" : "com.hrdb.Employee"
  },
  "HrdbEngineeringEmployees" : {
    "_id" : "wm-HrdbEngineeringEmployees-wm.ServiceVariable-1442985224780",
    "name" : "HrdbEngineeringEmployees",
    "owner" : "App",
    "category" : "wm.ServiceVariable",
    "dataBinding" : [ ],
    "type" : "com.hrdb.models.query.EngineeringEmployeesResponse",
    "service" : "hrdb",
    "operation" : "executeEngineeringEmployees",
    "operationId" : "QueryExecutionController_executeEngineeringEmployees",
    "operationType" : "get",
    "serviceType" : "DataService",
    "serviceSubType" : "query",
    "dataSet" : {
      "dataValue" : ""
    },
    "isList" : true,
    "firstRow" : 0,
    "maxResults" : 20,
    "designMaxResults" : 10,
    "startUpdate" : true,
    "autoUpdate" : true,
    "inFlightBehavior" : "executeLast",
    "transformationRequired" : false,
    "saveInPhonegap" : false,
    "isDefault" : true
  },
  "HrdbGeneralAndAdminEmployees" : {
    "_id" : "wm-HrdbGeneralAndAdminEmployees-wm.ServiceVariable-1442985993397",
    "name" : "HrdbGeneralAndAdminEmployees",
    "owner" : "App",
    "category" : "wm.ServiceVariable",
    "dataBinding" : [ ],
    "type" : "com.hrdb.models.query.GeneralAndAdminEmployeesResponse",
    "service" : "hrdb",
    "operation" : "executeGeneralAndAdminEmployees",
    "operationId" : "QueryExecutionController_executeGeneralAndAdminEmployees",
    "operationType" : "get",
    "serviceType" : "DataService",
    "serviceSubType" : "query",
    "dataSet" : {
      "dataValue" : ""
    },
    "isList" : true,
    "firstRow" : 0,
    "maxResults" : 20,
    "designMaxResults" : 10,
    "startUpdate" : true,
    "autoUpdate" : true,
    "inFlightBehavior" : "executeAll",
    "transformationRequired" : false,
    "saveInPhonegap" : false,
    "isDefault" : true
  },
  "HrdbMarketingEmployees" : {
    "_id" : "wm-HrdbMarketingEmployees-wm.ServiceVariable-1442985299166",
    "name" : "HrdbMarketingEmployees",
    "owner" : "App",
    "category" : "wm.ServiceVariable",
    "dataBinding" : [ ],
    "type" : "com.hrdb.models.query.MarketingEmployeesResponse",
    "service" : "hrdb",
    "operation" : "executeMarketingEmployees",
    "operationId" : "QueryExecutionController_executeMarketingEmployees",
    "operationType" : "get",
    "serviceType" : "DataService",
    "serviceSubType" : "query",
    "dataSet" : {
      "dataValue" : ""
    },
    "isList" : true,
    "firstRow" : 0,
    "maxResults" : 20,
    "designMaxResults" : 10,
    "startUpdate" : true,
    "autoUpdate" : true,
    "inFlightBehavior" : "executeLast",
    "transformationRequired" : false,
    "saveInPhonegap" : false,
    "isDefault" : true
  },
  "HrdbNoOfDepartment" : {
    "_id" : "wm-HrdbNoOfDepartment-wm.ServiceVariable-1444370577811",
    "name" : "HrdbNoOfDepartment",
    "owner" : "App",
    "category" : "wm.ServiceVariable",
    "dataBinding" : [ ],
    "type" : "com.hrdb.models.query.NoOfDepartmentResponse",
    "service" : "hrdb",
    "operation" : "executeNoOfDepartment",
    "operationId" : "QueryExecutionController_executeNoOfDepartment",
    "operationType" : "get",
    "serviceType" : "DataService",
    "serviceSubType" : "query",
    "dataSet" : {
      "dataValue" : ""
    },
    "isList" : true,
    "firstRow" : 0,
    "maxResults" : 20,
    "designMaxResults" : 10,
    "startUpdate" : true,
    "autoUpdate" : true,
    "inFlightBehavior" : "executeLast",
    "transformationRequired" : false,
    "saveInPhonegap" : false,
    "isDefault" : true
  },
  "HrdbNoOfDepartments" : {
    "_id" : "wm-HrdbNoOfDepartments-wm.ServiceVariable-1442984106303",
    "name" : "HrdbNoOfDepartments",
    "owner" : "App",
    "category" : "wm.ServiceVariable",
    "dataBinding" : [ ],
    "type" : "com.hrdb.models.query.NoOfDepartmentsResponse",
    "service" : "hrdb",
    "operation" : "executeNoOfDepartments",
    "operationId" : "QueryExecutionController_executeNoOfDepartments",
    "operationType" : "get",
    "serviceType" : "DataService",
    "serviceSubType" : "query",
    "dataSet" : {
      "dataValue" : ""
    },
    "isList" : true,
    "firstRow" : 0,
    "maxResults" : 20,
    "designMaxResults" : 10,
    "startUpdate" : true,
    "autoUpdate" : true,
    "inFlightBehavior" : "executeLast",
    "transformationRequired" : false,
    "saveInPhonegap" : false,
    "isDefault" : true
  },
  "HrdbNoOfEmployee" : {
    "_id" : "wm-HrdbNoOfEmployee-wm.ServiceVariable-1442984215370",
    "name" : "HrdbNoOfEmployee",
    "owner" : "App",
    "category" : "wm.ServiceVariable",
    "dataBinding" : [ ],
    "type" : "com.hrdb.models.query.NoOfEmployeeResponse",
    "service" : "hrdb",
    "operation" : "executeNoOfEmployee",
    "operationId" : "QueryExecutionController_executeNoOfEmployee",
    "operationType" : "get",
    "serviceType" : "DataService",
    "serviceSubType" : "query",
    "dataSet" : {
      "dataValue" : ""
    },
    "isList" : true,
    "firstRow" : 0,
    "maxResults" : 20,
    "designMaxResults" : 10,
    "startUpdate" : true,
    "autoUpdate" : true,
    "inFlightBehavior" : "executeLast",
    "transformationRequired" : false,
    "saveInPhonegap" : false,
    "isDefault" : true
  },
  "HrdbProfessionalServicesEmployees" : {
    "_id" : "wm-HrdbProfessionalServicesEmployees-wm.ServiceVariable-1442985361286",
    "name" : "HrdbProfessionalServicesEmployees",
    "owner" : "App",
    "category" : "wm.ServiceVariable",
    "dataBinding" : [ ],
    "type" : "com.hrdb.models.query.ProfessionalServicesEmployeesResponse",
    "service" : "hrdb",
    "operation" : "executeProfessionalServicesEmployees",
    "operationId" : "QueryExecutionController_executeProfessionalServicesEmployees",
    "operationType" : "get",
    "serviceType" : "DataService",
    "serviceSubType" : "query",
    "dataSet" : {
      "dataValue" : ""
    },
    "isList" : true,
    "firstRow" : 0,
    "maxResults" : 20,
    "designMaxResults" : 10,
    "startUpdate" : true,
    "autoUpdate" : true,
    "inFlightBehavior" : "executeAll",
    "transformationRequired" : false,
    "saveInPhonegap" : false,
    "isDefault" : true
  },
  "HrdbSalesEmployees" : {
    "_id" : "wm-HrdbSalesEmployees-wm.ServiceVariable-1442986026504",
    "name" : "HrdbSalesEmployees",
    "owner" : "App",
    "category" : "wm.ServiceVariable",
    "dataBinding" : [ ],
    "type" : "com.hrdb.models.query.SalesEmployeesResponse",
    "service" : "hrdb",
    "operation" : "executeSalesEmployees",
    "operationId" : "QueryExecutionController_executeSalesEmployees",
    "operationType" : "get",
    "serviceType" : "DataService",
    "serviceSubType" : "query",
    "dataSet" : {
      "dataValue" : ""
    },
    "isList" : true,
    "firstRow" : 0,
    "maxResults" : 20,
    "designMaxResults" : 10,
    "startUpdate" : true,
    "autoUpdate" : true,
    "inFlightBehavior" : "executeAll",
    "transformationRequired" : false,
    "saveInPhonegap" : false,
    "isDefault" : true
  },
  "HrdbSelectedEmployeeID" : {
    "_id" : "wm-HrdbSelectedEmployeeID-wm.ServiceVariable-1442986566551",
    "name" : "HrdbSelectedEmployeeID",
    "owner" : "App",
    "category" : "wm.ServiceVariable",
    "dataBinding" : [ {
      "isList" : false,
      "target" : "data",
      "value" : "bind:Widgets.EmployeeLivelist.selecteditem.eid || Widgets.ENGLIvelist.selecteditem.EID ||Widgets.PSLivelist.selecteditem.EID ||Widgets.ADMINLivelist.selecteditem.EID ||Widgets.SALESLivelist.selecteditem.EID||Widgets.MKTGLivelist.selecteditem.EID"
    } ],
    "type" : "com.hrdb.models.query.SelectedEmployeeIdResponse",
    "service" : "hrdb",
    "operation" : "executeSelectedEmployeeID",
    "operationId" : "QueryExecutionController_executeSelectedEmployeeID",
    "operationType" : "get",
    "serviceType" : "DataService",
    "serviceSubType" : "query",
    "dataSet" : {
      "dataValue" : ""
    },
    "isList" : true,
    "firstRow" : 0,
    "maxResults" : 20,
    "designMaxResults" : 10,
    "startUpdate" : true,
    "autoUpdate" : true,
    "inFlightBehavior" : "executeAll",
    "transformationRequired" : false,
    "saveInPhonegap" : false,
    "isDefault" : true
  },
  "HrdbTotalBudget" : {
    "_id" : "wm-HrdbTotalBudget-wm.ServiceVariable-1442984171135",
    "name" : "HrdbTotalBudget",
    "owner" : "App",
    "category" : "wm.ServiceVariable",
    "dataBinding" : [ ],
    "type" : "com.hrdb.models.query.TotalBudgetResponse",
    "service" : "hrdb",
    "operation" : "executeTotalBudget",
    "operationId" : "QueryExecutionController_executeTotalBudget",
    "operationType" : "get",
    "serviceType" : "DataService",
    "serviceSubType" : "query",
    "dataSet" : {
      "dataValue" : ""
    },
    "isList" : true,
    "firstRow" : 0,
    "maxResults" : 20,
    "designMaxResults" : 10,
    "startUpdate" : true,
    "autoUpdate" : true,
    "inFlightBehavior" : "executeLast",
    "transformationRequired" : false,
    "saveInPhonegap" : false,
    "isDefault" : true
  },
  "HrdbUserData" : {
    "_id" : "wm-HrdbUserData-wm.LiveVariable-1442983511031",
    "name" : "HrdbUserData",
    "owner" : "App",
    "category" : "wm.LiveVariable",
    "dataBinding" : [ ],
    "operation" : "read",
    "dataSet" : [ ],
    "type" : "User",
    "isList" : true,
    "saveInPhonegap" : false,
    "firstRow" : 0,
    "maxResults" : 20,
    "designMaxResults" : 10,
    "inFlightBehavior" : "executeLast",
    "startUpdate" : false,
    "autoUpdate" : true,
    "transformationRequired" : false,
    "liveSource" : "hrdb",
    "ignoreCase" : true,
    "matchMode" : "start",
    "propertiesMap" : {
      "columns" : [ {
        "fieldName" : "userid",
        "type" : "integer",
        "fullyQualifiedType" : "integer",
        "columnName" : "USERID",
        "isPrimaryKey" : true,
        "notNull" : true,
        "length" : 255,
        "precision" : 10,
        "generator" : "identity",
        "isRelated" : false,
        "scale" : 0
      }, {
        "fieldName" : "username",
        "type" : "string",
        "fullyQualifiedType" : "string",
        "columnName" : "USERNAME",
        "isPrimaryKey" : false,
        "notNull" : false,
        "length" : 20,
        "precision" : 19,
        "generator" : "assigned",
        "isRelated" : false,
        "scale" : 2
      }, {
        "fieldName" : "password",
        "type" : "string",
        "fullyQualifiedType" : "string",
        "columnName" : "PASSWORD",
        "isPrimaryKey" : false,
        "notNull" : false,
        "length" : 20,
        "precision" : 19,
        "generator" : "assigned",
        "isRelated" : false,
        "scale" : 2
      }, {
        "fieldName" : "role",
        "type" : "string",
        "fullyQualifiedType" : "string",
        "columnName" : "ROLE",
        "isPrimaryKey" : false,
        "notNull" : false,
        "length" : 20,
        "precision" : 19,
        "generator" : "assigned",
        "isRelated" : false,
        "scale" : 2
      }, {
        "fieldName" : "tenantid",
        "type" : "integer",
        "fullyQualifiedType" : "integer",
        "columnName" : "TENANTID",
        "isPrimaryKey" : false,
        "notNull" : false,
        "length" : 255,
        "precision" : 10,
        "generator" : "assigned",
        "isRelated" : false,
        "scale" : 0
      } ],
      "entityName" : "User",
      "fullyQualifiedName" : "com.hrdb.User",
      "tableType" : "TABLE",
      "primaryFields" : [ "userid" ]
    },
    "isDefault" : true,
    "tableName" : "USER",
    "tableType" : "TABLE",
    "dbSystem" : "HSQLDB",
    "properties" : [ ],
    "relatedTables" : [ ],
    "filterExpressions" : {
      "condition" : "AND",
      "rules" : [ ]
    },
    "package" : "com.hrdb.User"
  },
  "HrdbVacationData" : {
    "_id" : "wm-HrdbVacationData-wm.LiveVariable-1442983511038",
    "name" : "HrdbVacationData",
    "owner" : "App",
    "category" : "wm.LiveVariable",
    "dataBinding" : [ ],
    "operation" : "read",
    "dataSet" : [ ],
    "type" : "Vacation",
    "isList" : true,
    "saveInPhonegap" : false,
    "firstRow" : 0,
    "maxResults" : 20,
    "designMaxResults" : 10,
    "inFlightBehavior" : "executeLast",
    "startUpdate" : false,
    "autoUpdate" : true,
    "transformationRequired" : false,
    "liveSource" : "hrdb",
    "ignoreCase" : true,
    "matchMode" : "start",
    "propertiesMap" : {
      "columns" : [ {
        "fieldName" : "employee",
        "type" : "integer",
        "fullyQualifiedType" : "integer",
        "columnName" : "EMPID",
        "isPrimaryKey" : false,
        "notNull" : true,
        "length" : 255,
        "precision" : 10,
        "generator" : "assigned",
        "isRelated" : true,
        "relatedTableName" : "EMPLOYEE",
        "relatedEntityName" : "Employee",
        "relatedColumnName" : "empid",
        "relatedFieldName" : "employee.eid",
        "isList" : false,
        "targetTable" : "EMPLOYEE",
        "scale" : 0,
        "columns" : [ {
          "fieldName" : "department",
          "type" : "integer",
          "fullyQualifiedType" : "integer",
          "columnName" : "DEPTID",
          "isPrimaryKey" : false,
          "notNull" : false,
          "length" : 255,
          "precision" : 10,
          "generator" : "assigned",
          "isRelated" : true,
          "relatedColumnName" : "deptid",
          "targetTable" : "DEPARTMENT",
          "scale" : 0
        }, {
          "fieldName" : "employeeByManagerid",
          "type" : "integer",
          "fullyQualifiedType" : "integer",
          "columnName" : "MANAGERID",
          "isPrimaryKey" : false,
          "notNull" : false,
          "length" : 255,
          "precision" : 10,
          "generator" : "assigned",
          "isRelated" : true,
          "relatedColumnName" : "managerid",
          "targetTable" : "EMPLOYEE",
          "scale" : 0
        }, {
          "fieldName" : "eid",
          "type" : "integer",
          "fullyQualifiedType" : "integer",
          "columnName" : "EID",
          "isPrimaryKey" : true,
          "notNull" : true,
          "length" : 255,
          "precision" : 10,
          "generator" : "identity",
          "isRelated" : false,
          "scale" : 0
        }, {
          "fieldName" : "firstname",
          "type" : "string",
          "fullyQualifiedType" : "string",
          "columnName" : "FIRSTNAME",
          "isPrimaryKey" : false,
          "notNull" : false,
          "length" : 255,
          "precision" : 19,
          "generator" : "assigned",
          "isRelated" : false,
          "scale" : 2
        }, {
          "fieldName" : "lastname",
          "type" : "string",
          "fullyQualifiedType" : "string",
          "columnName" : "LASTNAME",
          "isPrimaryKey" : false,
          "notNull" : false,
          "length" : 255,
          "precision" : 19,
          "generator" : "assigned",
          "isRelated" : false,
          "scale" : 2
        }, {
          "fieldName" : "street",
          "type" : "string",
          "fullyQualifiedType" : "string",
          "columnName" : "STREET",
          "isPrimaryKey" : false,
          "notNull" : false,
          "length" : 255,
          "precision" : 19,
          "generator" : "assigned",
          "isRelated" : false,
          "scale" : 2
        }, {
          "fieldName" : "city",
          "type" : "string",
          "fullyQualifiedType" : "string",
          "columnName" : "CITY",
          "isPrimaryKey" : false,
          "notNull" : false,
          "length" : 255,
          "precision" : 19,
          "generator" : "assigned",
          "isRelated" : false,
          "scale" : 2
        }, {
          "fieldName" : "state",
          "type" : "string",
          "fullyQualifiedType" : "string",
          "columnName" : "STATE",
          "isPrimaryKey" : false,
          "notNull" : false,
          "length" : 2,
          "precision" : 19,
          "generator" : "assigned",
          "isRelated" : false,
          "scale" : 2
        }, {
          "fieldName" : "zip",
          "type" : "string",
          "fullyQualifiedType" : "string",
          "columnName" : "ZIP",
          "isPrimaryKey" : false,
          "notNull" : false,
          "length" : 255,
          "precision" : 19,
          "generator" : "assigned",
          "isRelated" : false,
          "scale" : 2
        }, {
          "fieldName" : "birthdate",
          "type" : "date",
          "fullyQualifiedType" : "date",
          "columnName" : "BIRTHDATE",
          "isPrimaryKey" : false,
          "notNull" : false,
          "length" : 10,
          "precision" : 19,
          "generator" : "assigned",
          "isRelated" : false,
          "scale" : 2
        }, {
          "fieldName" : "picurl",
          "type" : "string",
          "fullyQualifiedType" : "string",
          "columnName" : "PICURL",
          "isPrimaryKey" : false,
          "notNull" : false,
          "length" : 255,
          "precision" : 19,
          "generator" : "assigned",
          "isRelated" : false,
          "scale" : 2
        }, {
          "fieldName" : "jobtitle",
          "type" : "string",
          "fullyQualifiedType" : "string",
          "columnName" : "JOBTITLE",
          "isPrimaryKey" : false,
          "notNull" : false,
          "length" : 40,
          "precision" : 19,
          "generator" : "assigned",
          "isRelated" : false,
          "scale" : 2
        }, {
          "fieldName" : "tenantid",
          "type" : "integer",
          "fullyQualifiedType" : "integer",
          "columnName" : "TENANTID",
          "isPrimaryKey" : false,
          "notNull" : false,
          "length" : 255,
          "precision" : 10,
          "generator" : "assigned",
          "isRelated" : false,
          "scale" : 0
        } ]
      }, {
        "fieldName" : "id",
        "type" : "integer",
        "fullyQualifiedType" : "integer",
        "columnName" : "ID",
        "isPrimaryKey" : true,
        "notNull" : true,
        "length" : 255,
        "precision" : 10,
        "generator" : "identity",
        "isRelated" : false,
        "scale" : 0
      }, {
        "fieldName" : "startdate",
        "type" : "date",
        "fullyQualifiedType" : "date",
        "columnName" : "STARTDATE",
        "isPrimaryKey" : false,
        "notNull" : false,
        "length" : 10,
        "precision" : 19,
        "generator" : "assigned",
        "isRelated" : false,
        "scale" : 2
      }, {
        "fieldName" : "enddate",
        "type" : "date",
        "fullyQualifiedType" : "date",
        "columnName" : "ENDDATE",
        "isPrimaryKey" : false,
        "notNull" : false,
        "length" : 10,
        "precision" : 19,
        "generator" : "assigned",
        "isRelated" : false,
        "scale" : 2
      }, {
        "fieldName" : "tenantid",
        "type" : "integer",
        "fullyQualifiedType" : "integer",
        "columnName" : "TENANTID",
        "isPrimaryKey" : false,
        "notNull" : false,
        "length" : 255,
        "precision" : 10,
        "generator" : "assigned",
        "isRelated" : false,
        "scale" : 0
      } ],
      "entityName" : "Vacation",
      "fullyQualifiedName" : "com.hrdb.Vacation",
      "tableType" : "TABLE",
      "primaryFields" : [ "id" ]
    },
    "isDefault" : true,
    "tableName" : "VACATION",
    "tableType" : "TABLE",
    "dbSystem" : "HSQLDB",
    "properties" : [ "employee" ],
    "relatedTables" : [ {
      "columnName" : "employee",
      "relationName" : "employee",
      "type" : "Employee",
      "watchOn" : "HrdbEmployeeData",
      "package" : "com.hrdb.Vacation"
    } ],
    "filterExpressions" : {
      "condition" : "AND",
      "rules" : [ ]
    },
    "package" : "com.hrdb.Vacation"
  },
  "supportedLocale" : {
    "_id" : "wm-supportedLocale-wm.Variable1402640443182",
    "name" : "supportedLocale",
    "owner" : "App",
    "category" : "wm.Variable",
    "dataBinding" : [ ],
    "dataSet" : {
      "en" : "English"
    },
    "type" : "string",
    "isList" : false,
    "saveInPhonegap" : false
  }
}