{"swagger":"2.0","info":{"version":"2.0","x-WM-SERVICE_TYPE":"RestService","x-WM-API_ID":"3a0b59f9-4c1c-4657-9fc1-ba41fe61ad0f","x-WM-SERVICE_ID":"googleapis"},"host":"maps.googleapis.com","basePath":"https://maps.googleapis.com","tags":[{"name":"RestServiceVirtualController","description":"Rest service swagger documentation"}],"schemes":["http","https"],"paths":{"/maps/api/geocode/json":{"get":{"tags":["RestServiceVirtualController"],"operationId":"invoke","consumes":["text/xml"],"parameters":[{"name":"address","in":"query","description":"address","required":false,"type":"string","x-WM-EDITABLE":false},{"name":"key","in":"query","description":"key","required":false,"type":"string","x-WM-EDITABLE":false}],"responses":{"200":{"description":"Success","schema":{"$ref":"#/definitions/RootResponse"}}},"x-WM-OPERATION_UID":"2fa3d800-2138-413e-aa99-64700ca89e76","x-WM-ACCESS_SPECIFIER":"APP_ONLY","x-WM-METHOD_IDENTIFIER":"invoke"},"x-WM-TAG":"RestServiceVirtualController","x-WM-BASE_PATH":"/maps/api/geocode/json","x-WM-RELATIVE_PATH":"/"}},"definitions":{"bounds":{"properties":{"southwest":{"$ref":"#/definitions/southwest"},"northeast":{"$ref":"#/definitions/northeast"}},"x-WM-FULLY_QUALIFIED_NAME":"googleapis.bounds","x-WM-TAGS":["RestServiceVirtualController"]},"viewport":{"properties":{"southwest":{"$ref":"#/definitions/southwest"},"northeast":{"$ref":"#/definitions/northeast"}},"x-WM-FULLY_QUALIFIED_NAME":"googleapis.viewport","x-WM-TAGS":["RestServiceVirtualController"]},"RootResponse":{"properties":{"results":{"type":"array","uniqueItems":false,"items":{"$ref":"#/definitions/resultsEntryItem"},"x-WM-IS_LIST":true},"status":{"type":"string"}},"x-WM-FULLY_QUALIFIED_NAME":"googleapis.RootResponse","x-WM-TAGS":["RestServiceVirtualController"]},"location":{"properties":{"lng":{"type":"number","format":"double"},"lat":{"type":"number","format":"double"}},"x-WM-FULLY_QUALIFIED_NAME":"googleapis.location","x-WM-TAGS":["RestServiceVirtualController"]},"resultsEntryItem":{"properties":{"place_id":{"type":"string"},"address_components":{"type":"array","uniqueItems":false,"items":{"$ref":"#/definitions/address_componentsEntryItem"},"x-WM-IS_LIST":true},"formatted_address":{"type":"string"},"types":{"type":"array","uniqueItems":false,"items":{"type":"string"},"x-WM-IS_LIST":true},"geometry":{"$ref":"#/definitions/geometry"}},"x-WM-FULLY_QUALIFIED_NAME":"googleapis.resultsEntryItem","x-WM-TAGS":["RestServiceVirtualController"]},"southwest":{"properties":{"lng":{"type":"number","format":"double"},"lat":{"type":"number","format":"double"}},"x-WM-FULLY_QUALIFIED_NAME":"googleapis.southwest","x-WM-TAGS":["RestServiceVirtualController"]},"address_componentsEntryItem":{"properties":{"long_name":{"type":"string"},"short_name":{"type":"string"},"types":{"type":"array","uniqueItems":false,"items":{"type":"string"},"x-WM-IS_LIST":true}},"x-WM-FULLY_QUALIFIED_NAME":"googleapis.address_componentsEntryItem","x-WM-TAGS":["RestServiceVirtualController"]},"northeast":{"properties":{"lng":{"type":"number","format":"double"},"lat":{"type":"number","format":"double"}},"x-WM-FULLY_QUALIFIED_NAME":"googleapis.northeast","x-WM-TAGS":["RestServiceVirtualController"]},"geometry":{"properties":{"bounds":{"$ref":"#/definitions/bounds"},"viewport":{"$ref":"#/definitions/viewport"},"location_type":{"type":"string"},"location":{"$ref":"#/definitions/location"}},"x-WM-FULLY_QUALIFIED_NAME":"googleapis.geometry","x-WM-TAGS":["RestServiceVirtualController"]}}}