<?xml version="1.0" encoding="ISO-8859-1"?>

<!--
W3C rules retrieved from:
http://www.w3.org/TR/html401/struct/global.html
-->

<anti-samy-rules xmlns:xsi="http://www.w3.org/2001/XMLSchema-instance"
                 xsi:noNamespaceSchemaLocation="antisamy.xsd">

    <directives>
        <directive name="omitXmlDeclaration" value="true"/>
        <directive name="omitDoctypeDeclaration" value="true"/>
        <directive name="formatOutput" value="false"/>
        <directive name="embedStyleSheets" value="true"/>
        <directive name="maxStyleSheetImports" value="1"/>
        <directive name="connectionTimeout" value="1000"/>
        <directive name="preserveSpace" value="false"/>
        <directive name="onUnknownTag" value="remove"/>
    </directives>


    <common-regexps>
        <!--
        From W3C:
        This attribute assigns a class name or set of class names to an
        element. Any number of elements may be assigned the same class
        name or names. Multiple class names must be separated by white
        space characters.
        -->
        <regexp name="colorName"
                value="(aqua|black|blue|fuchsia|gray|grey|green|lime|maroon|navy|olive|purple|red|silver|teal|white|yellow)"/>
        <regexp name="colorCode" value="(#([0-9a-fA-F]{6}|[0-9a-fA-F]{3}))"/>
        <regexp name="numberOrPercent" value="(\d)+(%{0,1})"/>
        <regexp name="htmlId" value="[a-zA-Z0-9-_]+"/>
        <regexp name="htmlTitle" value="[\p{L}\p{N}\s-_',:\[\]!\./\\\(\)]*"/>
        <regexp name="htmlClass" value="[a-zA-Z0-9\s,-_]+"/>
        <regexp name="onsiteURL" value="([\p{L}\p{N}\\\.\#@\$%\+&amp;;\-_~,\?=/!]+|\#(\w)+)"/>
        <regexp name="offsiteURL" value="(\s)*((ht|f)tp(s?)://|mailto:)[\p{L}\p{N}]+[\p{L}\p{N}\p{Zs}\.\#@\$%\+&amp;;:\-_~,\?=/!]*(\s)*"/>
        <regexp name="number" value="(-|\+)?([0-9]+(.[0-9]+)?)"/>
    </common-regexps>


    <!--
    Tag.name = a, b, div, body, etc.
    Tag.action = filter: remove tags, but keep content, validate: keep content as long as it passes rules, remove: remove tag and contents
    Attribute.name = id, class, href, align, width, etc.
    Attribute.onInvalid = what to do when the attribute is invalid, e.g., remove the tag (removeTag), remove the
    attribute (removeAttribute), filter the tag (filterTag), (encodeTag) encode entire tag
    Attribute.description = What rules in English you want to tell the users they can have for this attribute. Include helpful things so they'll be able to tune their HTML
     -->

    <!--
    Some attributes are common to all (or most) HTML tags. There aren't many that qualify for this. You have to make sure there's no
    collisions between any of these attribute names with attribute names of other tags that are for different purposes.
    -->

    <common-attributes>

        <!-- Common to all HTML tags  -->
        <attribute name="id"
                   description="The 'id' of any HTML attribute should not contain anything besides letters and numbers">
            <regexp-list>
                <regexp name="htmlId"/>
            </regexp-list>
        </attribute>

        <attribute name="lang" description="The 'lang' attribute tells the browser what language the element's attribute values and content are written in">
            <regexp-list>
                <regexp value="[a-zA-Z]{2,20}"/>
            </regexp-list>
        </attribute>

        <attribute name="title" description="The 'title' attribute provides text that shows up in a 'tooltip' when a user hovers their mouse over the element">
            <regexp-list>
                <regexp name="htmlTitle"/>
            </regexp-list>
        </attribute>

        <attribute name="class"
                   description="The 'class' of any HTML attribute is usually a single word, but it can also be a list of class names separated by spaces">
            <regexp-list>
                <regexp name="htmlClass"/>
            </regexp-list>
        </attribute>


        <!-- Anchor related -->
        <attribute name="href">
            <regexp-list>
                <regexp name="onsiteURL"/>
                <regexp name="offsiteURL"/>
            </regexp-list>
        </attribute>

        <attribute name="target">
            <regexp-list>
                <regexp name="htmlId"/>
            </regexp-list>
        </attribute>


        <!--  Table attributes  -->
        <attribute name="border">
            <regexp-list>
                <regexp name="number"/>
            </regexp-list>
        </attribute>

        <attribute name="cellpadding">
            <regexp-list>
                <regexp name="number"/>
            </regexp-list>
        </attribute>

        <attribute name="cellspacing">
            <regexp-list>
                <regexp name="number"/>
            </regexp-list>
        </attribute>

        <attribute name="colspan">
            <regexp-list>
                <regexp name="number"/>
            </regexp-list>
        </attribute>

        <attribute name="rowspan">
            <regexp-list>
                <regexp name="number"/>
            </regexp-list>
        </attribute>

        <attribute name="background">
            <regexp-list>
                <regexp name="onsiteURL"/>
            </regexp-list>
        </attribute>

        <attribute name="bgcolor">
            <regexp-list>
                <regexp name="colorName"/>
                <regexp name="colorCode"/>
            </regexp-list>
        </attribute>

        <!--  Common positioning attributes  -->
        <attribute name="width">
            <regexp-list>
                <regexp name="numberOrPercent"/>
            </regexp-list>
        </attribute>

        <attribute name="height">
            <regexp-list>
                <regexp name="numberOrPercent"/>
            </regexp-list>
        </attribute>

        <attribute name="align"
                   description="The 'align' attribute of an HTML element is a direction word, like 'left', 'right' or 'center'">
            <literal-list>
                <literal value="center"/>
                <literal value="middle"/>
                <literal value="left"/>
                <literal value="right"/>
                <literal value="justify"/>
                <literal value="char"/>
            </literal-list>
        </attribute>

        <attribute name="valign"
                   description="The 'valign' attribute of an HTML attribute is a direction word, like 'baseline','bottom','middle' or 'top'">
            <literal-list>
                <literal value="baseline"/>
                <literal value="bottom"/>
                <literal value="middle"/>
                <literal value="top"/>
            </literal-list>
        </attribute>


        <!-- Input/form related common attributes -->
        <attribute name="size">
            <regexp-list>
                <regexp name="number"/>
            </regexp-list>
        </attribute>


        <attribute name="autocomplete">
            <literal-list>
                <literal value="on"/>
                <literal value="off"/>
            </literal-list>
        </attribute>

        <attribute name="rows">
            <regexp-list>
                <regexp name="number"/>
            </regexp-list>
        </attribute>

        <attribute name="cols">
            <regexp-list>
                <regexp name="number"/>
            </regexp-list>
        </attribute>


        <!-- Intrinsic JavaScript Events -->

        <attribute name="onFocus"
                   description="The 'onFocus' event is executed when the control associated with the tag gains focus"/>

        <attribute name="onBlur"
                   description="The 'onBlur' event is executed when the control associated with the tag loses focus"/>

        <attribute name="onClick"
                   description="The 'onClick' event is executed when the control associated with the tag is clicked"/>

        <attribute name="onDblClick"
                   description="The 'onDblClick' event is executed when the control associated with the tag is clicked twice immediately"/>

        <attribute name="onMouseDown"
                   description="The 'onMouseDown' event is executed when the control associated with the tag is clicked but not yet released"/>

        <attribute name="onMouseUp"
                   description="The 'onMouseUp' event is executed when the control associated with the tag is clicked after the button is released"/>

        <attribute name="onMouseOver"
                   description="The 'onMouseOver' event is executed when the user's mouse hovers over the control associated with the tag"/>

        <attribute name="scope" description="The 'scope' attribute defines what's covered by the header cells"/>

    </common-attributes>


    <!--  The <global-tag-attributes> element is meant to support tag attributes such as "title" and "lang" that are
          widely and relatively safely used in HTML tags but are not actually part of the HTML standard. -->
    <global-tag-attributes>
        <attribute name="title"/>
        <attribute name="lang"/>
    </global-tag-attributes>


    <!-- The <tags-to-encode> element, these are "tags" that are often encountered in online content that are not actually "tags"
         and should always be HTML-entity encoded. For example, online forum postings often contain <g> or <grin> as a substitute
         for the smiley face emoticon. This is not an HTML tag, but the AntiSamy parser sees the <g> and tries to match it against
         the AntiSamy policy and rejects it when <g> can't be found. As a result, the <g> would have been rejected and the user
         would be confused about the "danger" of <g>.
         Instead, with this directive, you can specify text sequences within <> brackets that you expect to see in rich text that
         you're validating with AntiSamy. Any such "tags" will always be entity encoded.    -->
    <tags-to-encode>
        <tag>g</tag>
        <tag>grin</tag>
    </tags-to-encode>

    <tag-rules/>

    <css-rules/>

</anti-samy-rules>
