{
  "basePath" : "/",
  "tags" : [ {
    "description" : "Rest service swagger documentation",
    "name" : "RestServiceVirtualController"
  } ],
  "host" : "maps.googleapis.com",
  "paths" : {
    "/googleapis/invoke/maps/api/geocode/json" : {
      "x-WM-TAG" : "RestServiceVirtualController",
      "x-WM-BASE_PATH" : "/googleapis/invoke/maps/api/geocode/json",
      "get" : {
        "tags" : [ "RestServiceVirtualController" ],
        "x-WM-OPERATION_UID" : "2fa3d800-2138-413e-aa99-64700ca89e76",
        "x-WM-METHOD_NAME" : "invoke",
        "x-WM-ACCESS_SPECIFIER" : "APP_ONLY",
        "parameters" : [ {
          "description" : "address",
          "name" : "address",
          "x-WM-EDITABLE" : false,
          "required" : false,
          "type" : "string",
          "in" : "query"
        }, {
          "description" : "key",
          "name" : "key",
          "x-WM-EDITABLE" : false,
          "required" : false,
          "type" : "string",
          "in" : "query"
        } ],
        "consumes" : [ "text/xml" ],
        "responses" : {
          "200" : {
            "schema" : {
              "$ref" : "#/definitions/RootResponse"
            },
            "description" : "Success"
          }
        },
        "operationId" : "RestServiceVirtualController-invoke"
      },
      "x-WM-RELATIVE_PATH" : "/"
    }
  },
  "schemes" : [ "http", "https" ],
  "swagger" : "2.0",
  "definitions" : {
    "bounds" : {
      "x-WM-FULLY_QUALIFIED_NAME" : "googleapis.bounds",
      "x-WM-TAGS" : [ "RestServiceVirtualController" ],
      "properties" : {
        "southwest" : {
          "$ref" : "#/definitions/southwest"
        },
        "northeast" : {
          "$ref" : "#/definitions/northeast"
        }
      }
    },
    "viewport" : {
      "x-WM-FULLY_QUALIFIED_NAME" : "googleapis.viewport",
      "x-WM-TAGS" : [ "RestServiceVirtualController" ],
      "properties" : {
        "southwest" : {
          "$ref" : "#/definitions/southwest"
        },
        "northeast" : {
          "$ref" : "#/definitions/northeast"
        }
      }
    },
    "RootResponse" : {
      "x-WM-FULLY_QUALIFIED_NAME" : "googleapis.RootResponse",
      "x-WM-TAGS" : [ "RestServiceVirtualController" ],
      "properties" : {
        "results" : {
          "x-WM-IS_LIST" : true,
          "items" : {
            "$ref" : "#/definitions/resultsEntryItem"
          },
          "type" : "array",
          "uniqueItems" : false
        },
        "status" : {
          "type" : "string"
        }
      }
    },
    "location" : {
      "x-WM-FULLY_QUALIFIED_NAME" : "googleapis.location",
      "x-WM-TAGS" : [ "RestServiceVirtualController" ],
      "properties" : {
        "lng" : {
          "format" : "double",
          "type" : "number"
        },
        "lat" : {
          "format" : "double",
          "type" : "number"
        }
      }
    },
    "resultsEntryItem" : {
      "x-WM-FULLY_QUALIFIED_NAME" : "googleapis.resultsEntryItem",
      "x-WM-TAGS" : [ "RestServiceVirtualController" ],
      "properties" : {
        "place_id" : {
          "type" : "string"
        },
        "address_components" : {
          "x-WM-IS_LIST" : true,
          "items" : {
            "$ref" : "#/definitions/address_componentsEntryItem"
          },
          "type" : "array",
          "uniqueItems" : false
        },
        "formatted_address" : {
          "type" : "string"
        },
        "types" : {
          "x-WM-IS_LIST" : true,
          "items" : {
            "type" : "string"
          },
          "type" : "array",
          "uniqueItems" : false
        },
        "geometry" : {
          "$ref" : "#/definitions/geometry"
        }
      }
    },
    "southwest" : {
      "x-WM-FULLY_QUALIFIED_NAME" : "googleapis.southwest",
      "x-WM-TAGS" : [ "RestServiceVirtualController" ],
      "properties" : {
        "lng" : {
          "format" : "double",
          "type" : "number"
        },
        "lat" : {
          "format" : "double",
          "type" : "number"
        }
      }
    },
    "address_componentsEntryItem" : {
      "x-WM-FULLY_QUALIFIED_NAME" : "googleapis.address_componentsEntryItem",
      "x-WM-TAGS" : [ "RestServiceVirtualController" ],
      "properties" : {
        "long_name" : {
          "type" : "string"
        },
        "short_name" : {
          "type" : "string"
        },
        "types" : {
          "x-WM-IS_LIST" : true,
          "items" : {
            "type" : "string"
          },
          "type" : "array",
          "uniqueItems" : false
        }
      }
    },
    "northeast" : {
      "x-WM-FULLY_QUALIFIED_NAME" : "googleapis.northeast",
      "x-WM-TAGS" : [ "RestServiceVirtualController" ],
      "properties" : {
        "lng" : {
          "format" : "double",
          "type" : "number"
        },
        "lat" : {
          "format" : "double",
          "type" : "number"
        }
      }
    },
    "geometry" : {
      "x-WM-FULLY_QUALIFIED_NAME" : "googleapis.geometry",
      "x-WM-TAGS" : [ "RestServiceVirtualController" ],
      "properties" : {
        "bounds" : {
          "$ref" : "#/definitions/bounds"
        },
        "viewport" : {
          "$ref" : "#/definitions/viewport"
        },
        "location_type" : {
          "type" : "string"
        },
        "location" : {
          "$ref" : "#/definitions/location"
        }
      }
    }
  },
  "info" : {
    "x-WM-SERVICE_TYPE" : "RestService",
    "x-WM-API_ID" : "3a0b59f9-4c1c-4657-9fc1-ba41fe61ad0f",
    "x-WM-USE_PROXY_FOR_WEB" : true,
    "x-WM-SERVICE_ID" : "googleapis",
    "x-WM-USE_PROXY_FOR_MOBILE" : true,
    "version" : "2.0"
  }
}